Time_1,user,likes_count,url,twitterID,howOld
0000/01/01 16:17:02,nomper,0,https://qiita.com/nomper/items/45e47434f746d852acd4,nomper,5
0000/01/02 20:57:22,tomoyakamimura,5,https://qiita.com/tomoyakamimura/items/3d6c3c628dc05ba21881,,1
0000/01/03 15:21:10,motorcontrolman,47,https://qiita.com/motorcontrolman/items/272f2514b933a493e95e,motorcontrolman,1
0000/01/03 23:43:04,stozaki,5,https://qiita.com/stozaki/items/bad07d0e6e1c571dfc47,,2
0000/01/04 07:00:03,stktu,6,https://qiita.com/stktu/items/51c144401ad8a284e1b1,stktu_KU,2
0000/01/04 13:04:30,UT_MATLAB_Amb,5,https://qiita.com/UT_MATLAB_Amb/items/3b41d3582b1ec86c6fbb,UT_MATLAB_Amb,1
0000/01/04 23:23:47,eigs,22,https://qiita.com/eigs/items/06ea997ec0472ab88371,michio_MWJ,1
0000/01/05 11:29:30,tommyecguitar,35,https://qiita.com/tommyecguitar/items/d65082968466c18e5bab,,2
0000/01/06 05:47:24,eigs,68,https://qiita.com/eigs/items/c6efb11c145e4e0e8577,michio_MWJ,2
0000/01/06 13:59:13,nomper,1,https://qiita.com/nomper/items/d8684a8fcdd620f4acdb,nomper,1
0000/01/06 21:50:44,tommyecguitar,14,https://qiita.com/tommyecguitar/items/09dcebde31122990a899,,2
0000/01/07 12:50:11,UT_MATLAB_Amb,4,https://qiita.com/UT_MATLAB_Amb/items/217c156f8d6d0cd6727d,UT_MATLAB_Amb,1
0000/01/08 02:08:08,larking95,14,https://qiita.com/larking95/items/70d24ac9a78d56d53dff,larking95,2
0000/01/08 12:40:31,sshojiro,3,https://qiita.com/sshojiro/items/63c41a4fee39c4cd369c,sshojiro_jp,6
0000/01/09 05:35:28,katsu1110,24,https://qiita.com/katsu1110/items/10ae4a62cfd37e37cd0b,kk1110tt,5
0000/01/09 13:21:09,uqiitam,7,https://qiita.com/uqiitam/items/7cc30e8e2f6aa63b3704,,2
0000/01/09 15:26:47,Ushiron55,4,https://qiita.com/Ushiron55/items/5f8cd1aaa734e2e5dcf4,,2
0000/01/09 21:12:23,Monzo_N,4,https://qiita.com/Monzo_N/items/a2204381fe30869fc9ed,,1
0000/01/11 15:19:46,tommyecguitar,15,https://qiita.com/tommyecguitar/items/51d6466bc80829fe4e4d,,2
0000/01/11 21:43:57,tommyecguitar,1,https://qiita.com/tommyecguitar/items/4898e9bbdb81bac3d943,,1
0000/01/12 22:20:17,takepiyo,4,https://qiita.com/takepiyo/items/8d7a0e642eee338b7a77,NibiJim,1
0000/01/13 00:38:49,kouichi-c-nakamura,9,https://qiita.com/kouichi-c-nakamura/items/6d3e0ab9eaee1e5381c4,,5
0000/01/13 05:44:32,eigs,20,https://qiita.com/eigs/items/298398ca2c750beb392c,michio_MWJ,2
0000/01/13 15:39:41,jamjam,2,https://qiita.com/jamjam/items/48f76a8cec63ae63feac,,1
0000/01/13 22:10:57,mana_544,99,https://qiita.com/mana_544/items/3fe4d150441b12d89ebf,mana_544,2
0000/01/13 23:34:02,shun-kusano,9,https://qiita.com/shun-kusano/items/3e95a6b0f4074807a684,,2
0000/01/14 19:33:38,nixir,6,https://qiita.com/nixir/items/4c36b55ab9fac0a0be6d,,1
0000/01/14 20:15:45,KingBritain,67,https://qiita.com/KingBritain/items/9b238ce9be7ad5212a5a,,2
0000/01/15 00:51:06,y_kmori,9,https://qiita.com/y_kmori/items/15ac88f82daff88693eb,,2
0000/01/15 13:39:31,kassiwan,2,https://qiita.com/kassiwan/items/30401ad96e05908343d2,kassiwan,4
0000/01/15 18:18:01,teruqii,5,https://qiita.com/teruqii/items/cd6e390cff80d6686c69,,2
0000/01/15 19:14:13,tomochiii,6,https://qiita.com/tomochiii/items/2145ee7a23f5dd4cff9a,tomochi222,5
0000/01/16 01:53:59,stozaki,9,https://qiita.com/stozaki/items/ecc2fd157ea7c97a50d1,,2
0000/01/16 12:56:59,HirooHongo,5,https://qiita.com/HirooHongo/items/80e8b49911420fb7529c,,1
0000/01/16 16:44:17,sshojiro,2,https://qiita.com/sshojiro/items/5e2419a90a681658088a,sshojiro_jp,7
0000/01/16 16:47:07,analogchiffon,2,https://qiita.com/analogchiffon/items/90ed5c7eaf5bc25ad2ca,analogchiffon,3
0000/01/17 02:14:46,kouichi-c-nakamura,2,https://qiita.com/kouichi-c-nakamura/items/dd4706fd5d74cbfca2d4,,4
0000/01/17 11:30:29,tsubolabo,3,https://qiita.com/tsubolabo/items/51563529c0466155a841,,1
0000/01/17 17:58:20,teruqii,14,https://qiita.com/teruqii/items/28b805eb0b2c3fd1b0b3,,2
0000/01/17 22:33:05,yt_siden,5,https://qiita.com/yt_siden/items/10738f3e728440bb9f95,yt_siden,5
0000/01/18 15:01:48,taka_horibe,329,https://qiita.com/taka_horibe/items/47f86e02e2db83b0c570,,3
0000/01/18 19:26:26,sshojiro,1,https://qiita.com/sshojiro/items/05af0e6375408852d86e,sshojiro_jp,7
0000/01/18 22:03:04,tommyecguitar,58,https://qiita.com/tommyecguitar/items/dd4bd50f2b5f3ba26031,,2
0000/01/19 21:22:51,Seiji_Tanaka,5,https://qiita.com/Seiji_Tanaka/items/8bef0deefb661d36abbe,garanamarine,3
0000/01/20 16:41:51,eigs,23,https://qiita.com/eigs/items/cb48fdcd741126d09def,michio_MWJ,2
0000/01/21 18:37:17,eigs,56,https://qiita.com/eigs/items/62fbc0b6bdc5e7094abf,michio_MWJ,2
0000/01/23 13:20:57,jamjam,2,https://qiita.com/jamjam/items/54e7a187bae562be7311,,1
0000/01/23 15:31:08,konakalab,27,https://qiita.com/konakalab/items/2c3117a8bf2b849047b5,konakalab,2
0000/01/23 16:14:25,jamjam,1,https://qiita.com/jamjam/items/7207877e6790d27e1db4,,1
0000/01/23 21:57:06,dokagui_tairan,8,https://qiita.com/dokagui_tairan/items/16661e6376fc464e6364,dokagui_tairan,1
0000/01/24 12:43:05,dokagui_tairan,2,https://qiita.com/dokagui_tairan/items/323529f9dce3876a7a4e,dokagui_tairan,1
0000/01/24 16:17:27,jamjam,2,https://qiita.com/jamjam/items/341c0dcdfa314c87bb55,,1
0000/01/24 22:41:08,tsubolabo,4,https://qiita.com/tsubolabo/items/26c8353b5ecad19fbcbf,,1
0000/01/25 10:53:44,rysk-t,13,https://qiita.com/rysk-t/items/b42cbeadda8fcd619e80,,6
0000/01/26 17:24:55,jamjam,1,https://qiita.com/jamjam/items/5604291128f728e8375b,,1
0000/01/26 20:30:46,jellied_unagi,0,https://qiita.com/jellied_unagi/items/6e606f211021c5540c33,jellied_unagi,9
0000/01/27 00:39:15,stozaki,5,https://qiita.com/stozaki/items/096f1a04c158d61f8246,,2
0000/01/27 14:54:18,Ishotihadus,6,https://qiita.com/Ishotihadus/items/f012a796ee6ec5146952,Ishotihadus,1
0000/01/28 03:56:19,stozaki,24,https://qiita.com/stozaki/items/e4fa14c36f6c134e53e7,,2
0000/01/28 22:10:03,katsu1110,649,https://qiita.com/katsu1110/items/423fc9ac567710a1bd9b,kk1110tt,5
0000/01/28 23:01:40,HiroMiyawaki,0,https://qiita.com/HiroMiyawaki/items/9f07b33fa52a802cf7dc,,1
0000/01/29 10:32:55,HiroMiyawaki,2,https://qiita.com/HiroMiyawaki/items/f3087ecf047d17fad003,,1
0000/01/29 14:57:26,HiroMiyawaki,1,https://qiita.com/HiroMiyawaki/items/3b180ed9405631369d95,,1
0000/01/29 16:03:43,HiroMiyawaki,2,https://qiita.com/HiroMiyawaki/items/f42520cb37ca4afb26c5,,1
0000/01/29 23:54:13,HiroMiyawaki,1,https://qiita.com/HiroMiyawaki/items/fc0e4aa4477250779635,,1
0000/01/30 16:38:42,mizunototori,6,https://qiita.com/mizunototori/items/880d2d6e91b7f291e11e,,4
0000/01/31 00:22:13,HiroMiyawaki,2,https://qiita.com/HiroMiyawaki/items/e0002ef39dc8717938a3,,1
0000/01/31 01:09:40,HiroMiyawaki,1,https://qiita.com/HiroMiyawaki/items/ecfe9515935be26fdd49,,1
0000/01/31 11:35:23,mizunototori,9,https://qiita.com/mizunototori/items/38291518110849e91a4c,,4
0000/01/31 17:10:06,AraNeco,3,https://qiita.com/AraNeco/items/fc001c205955734109ac,,2
0000/02/01 06:56:28,9W3R7Y,4,https://qiita.com/9W3R7Y/items/5b17415436bc367af11a,,1
0000/02/01 10:51:38,tommyecguitar,9,https://qiita.com/tommyecguitar/items/dced11d28007d07edf95,,2
0000/02/01 15:25:55,Inoue_Minoru,12,https://qiita.com/Inoue_Minoru/items/191a6f76c97591e87be8,henjin01_Fab,2
0000/02/01 20:30:22,KOICHI_5963,8,https://qiita.com/KOICHI_5963/items/20ba0ed5b9073b6b03a0,5963_ROUTE,2
0000/02/02 00:45:56,HiroMiyawaki,1,https://qiita.com/HiroMiyawaki/items/ab1c9adc401791e830d4,,1
0000/02/02 01:38:41,HiroMiyawaki,1,https://qiita.com/HiroMiyawaki/items/712f7bd5a6fd1cc80beb,,1
0000/02/02 20:54:39,eigs,49,https://qiita.com/eigs/items/c1675e6dc6fd497e714a,michio_MWJ,2
0000/02/03 14:17:50,HiroMiyawaki,1,https://qiita.com/HiroMiyawaki/items/295db08776e20c113c4f,,1
0000/02/03 17:10:43,HiroMiyawaki,0,https://qiita.com/HiroMiyawaki/items/4691fed182f96672f6bc,,1
0000/02/03 18:45:03,teruqii,8,https://qiita.com/teruqii/items/447d09d10e24fca0c20f,,2
0000/02/03 20:51:00,mana_544,28,https://qiita.com/mana_544/items/71c0024c3229dd9bacc6,mana_544,2
0000/02/03 22:42:57,KOICHI_5963,18,https://qiita.com/KOICHI_5963/items/b6233963368da0ecc071,5963_ROUTE,2
0000/02/04 08:33:24,7of9,0,https://qiita.com/7of9/items/fb40f0497e129b434505,,4
0000/02/04 09:06:28,7of9,0,https://qiita.com/7of9/items/c100bb2df0af001b2773,,4
0000/02/04 10:08:19,HiroMiyawaki,1,https://qiita.com/HiroMiyawaki/items/e4c70b7b9dc4ba62f107,,1
0000/02/04 10:59:18,bendevs,5,https://qiita.com/bendevs/items/4edccbb9c35ec70a98b8,,2
0000/02/04 14:48:38,ossyaritoori,0,https://qiita.com/ossyaritoori/items/53f99de6d5d7500253d6,ossyaritoori,4
0000/02/05 21:31:39,Hagian,2,https://qiita.com/Hagian/items/1fb26ca66da1cf587d72,4voltex,1
0000/02/06 04:21:11,katsu1110,56,https://qiita.com/katsu1110/items/23b8a37ac400dd0eaad2,kk1110tt,5
0000/02/06 19:23:59,tsubolabo,3,https://qiita.com/tsubolabo/items/67cfad92c14f6a0bea96,,1
0000/02/07 01:23:44,stozaki,16,https://qiita.com/stozaki/items/4bacb2e988c74f7a16e4,,2
0000/02/07 19:02:30,shigepong,6,https://qiita.com/shigepong/items/9c9a45a430e2edafc0c6,shigepong,8
0000/02/07 19:08:15,shigepong,1,https://qiita.com/shigepong/items/6c464a20d5fcafa83911,shigepong,8
0000/02/07 21:21:30,dokagui_tairan,2,https://qiita.com/dokagui_tairan/items/6cf2f11013f45fa6efa9,dokagui_tairan,1
0000/02/08 17:16:49,KOICHI_5963,4,https://qiita.com/KOICHI_5963/items/5041eb7df12125d5e1ba,5963_ROUTE,2
0000/02/08 19:10:45,enoughspacefor,2,https://qiita.com/enoughspacefor/items/01f7ed446a4ccfca5972,,2
0000/02/08 21:23:09,motorcontrolman,27,https://qiita.com/motorcontrolman/items/03ea4d2a978d626f4337,motorcontrolman,2
0000/02/09 00:26:38,ginger893,2,https://qiita.com/ginger893/items/0e2cd95cca71e8f5a7f4,ginger893,3
0000/02/09 01:58:45,karadaharu,2,https://qiita.com/karadaharu/items/463c34b1684179cd35ae,karadaharu,5
0000/02/09 21:29:55,macht,49,https://qiita.com/macht/items/8a9d606d334674091d28,,1
0000/02/10 06:10:32,eigs,40,https://qiita.com/eigs/items/cf3a64f7248bce76ce53,michio_MWJ,2
0000/02/11 13:49:00,kouichi-c-nakamura,12,https://qiita.com/kouichi-c-nakamura/items/6233d78180a9f5e5f4ce,,5
0000/02/12 18:36:33,griffin921,17,https://qiita.com/griffin921/items/7c3ffc54dd1044670db7,griffin921,1
0000/02/13 13:47:36,aoimidori,12,https://qiita.com/aoimidori/items/644ac0e726d60a99cc4a,,2
0000/02/14 10:00:40,eigs,16,https://qiita.com/eigs/items/39196afdb5f28bf3ba0f,michio_MWJ,2
0000/02/14 17:06:31,kurokida,3,https://qiita.com/kurokida/items/105c2878462917c99324,kurokida1,2
0000/02/14 21:07:25,xiaolong0703,1,https://qiita.com/xiaolong0703/items/b9d432a24ab94a04b259,,4
0000/02/14 23:03:46,motorcontrolman,49,https://qiita.com/motorcontrolman/items/6a52c722bd2314119b25,motorcontrolman,2
0000/02/15 19:24:16,yt_siden,0,https://qiita.com/yt_siden/items/2589c1962d013ead100b,yt_siden,5
0000/02/15 21:35:10,kouichi-c-nakamura,2,https://qiita.com/kouichi-c-nakamura/items/cbaca3f54383d9c23c53,,5
0000/02/16 00:51:00,stozaki,5,https://qiita.com/stozaki/items/e618748b867b6a609333,,2
0000/02/16 09:31:16,GushiSnow,110,https://qiita.com/GushiSnow/items/5a4948e07e3f4a77d895,SnowGushiGit,6
0000/02/16 13:41:37,yamori813,2,https://qiita.com/yamori813/items/798c3c31691cd7f3b80e,yamori813,2
0000/02/16 22:51:52,izayoi5776,1,https://qiita.com/izayoi5776/items/8aee186d083f3540ffd3,,3
0000/02/17 05:02:56,kassiwan,12,https://qiita.com/kassiwan/items/7e066fbcb24923d2d822,kassiwan,4
0000/02/17 17:39:57,teruqii,5,https://qiita.com/teruqii/items/fc2e8dffc80346717b76,,2
0000/02/18 10:52:47,kaizen_nagoya,1,https://qiita.com/kaizen_nagoya/items/c2ede3d20ba625c33ca0,kaizen_nagoya,3
0000/02/18 23:17:27,aoimidori,10,https://qiita.com/aoimidori/items/e4fdcfa29d8822bea6f5,,2
0000/02/19 23:09:47,ginger893,5,https://qiita.com/ginger893/items/e94b8783d79f717c8197,ginger893,3
0000/02/20 15:20:56,kurokida,3,https://qiita.com/kurokida/items/a5dea11805f2a2919ad9,kurokida1,2
0000/02/21 10:24:07,kurokida,2,https://qiita.com/kurokida/items/35e62a0b8f6cbf2c21e9,kurokida1,2
0000/02/21 14:53:19,dokagui_tairan,7,https://qiita.com/dokagui_tairan/items/11c4451e0283bbb797d8,dokagui_tairan,1
0000/02/21 20:35:03,ginger893,1,https://qiita.com/ginger893/items/f1fe0f321a49b8d90a7d,ginger893,3
0000/02/22 16:47:46,dylab,2,https://qiita.com/dylab/items/463875ba8b82ca8af792,,1
0000/02/23 11:31:06,jagaimon,1,https://qiita.com/jagaimon/items/d3e7b0533d3b4c01213e,,1
0000/02/24 00:07:59,stozaki,9,https://qiita.com/stozaki/items/9711d48b63fcf4be4b20,,2
0000/02/25 06:03:36,eigs,29,https://qiita.com/eigs/items/a75f816a9ad2b75466b6,michio_MWJ,2
0000/02/25 06:03:42,eigs,14,https://qiita.com/eigs/items/34c623399298d54453ce,michio_MWJ,2
0000/02/25 06:44:37,eigs,11,https://qiita.com/eigs/items/099931322afa73ce414e,michio_MWJ,2
0000/02/25 09:43:29,xiaolong0703,1,https://qiita.com/xiaolong0703/items/105875451c51bcb12a3d,,4
0000/02/25 11:35:00,newlvAlPr,4,https://qiita.com/newlvAlPr/items/ea3969cea4638ad5bf3c,newlvAlPr,1
0000/02/26 23:54:55,ginger893,2,https://qiita.com/ginger893/items/45acf5bc5d26c406dfbd,ginger893,3
0000/02/27 15:15:30,jellied_unagi,2,https://qiita.com/jellied_unagi/items/a69d38b4a0daa276793b,jellied_unagi,9
0000/02/27 23:29:35,shun-kusano,10,https://qiita.com/shun-kusano/items/59e57d240b7f689f0a00,,2
0000/02/28 10:21:50,Seiji_Tanaka,4,https://qiita.com/Seiji_Tanaka/items/a059090ee020a5d5c648,garanamarine,3
0000/02/28 14:18:01,Seiji_Tanaka,1,https://qiita.com/Seiji_Tanaka/items/b29d8a5a3447680370ce,garanamarine,3
0000/02/28 19:44:08,shun-kusano,3,https://qiita.com/shun-kusano/items/9b040ab2bca79e437b6a,,2
0000/02/28 21:50:30,FollowUser,3,https://qiita.com/FollowUser/items/b58d1581fc834dacaeab,,1
0000/03/01 00:24:19,takilog,6,https://qiita.com/takilog/items/f5f8bca4123f227009e0,taki__taki__,5
0000/03/02 12:27:39,eigs,14,https://qiita.com/eigs/items/056eb9a757e2a2147edf,michio_MWJ,2
0000/03/02 21:11:13,mizukirc,34,https://qiita.com/mizukirc/items/2acec62b315b1d8e288d,,5
0000/03/02 22:07:33,yoshida3,6,https://qiita.com/yoshida3/items/5f194d308e57813eab9c,,1
0000/03/03 11:33:16,shohirose,12,https://qiita.com/shohirose/items/fdd20712106b00b7d9c6,sho_shiz,3
0000/03/03 16:23:57,motorcontrolman,11,https://qiita.com/motorcontrolman/items/836e19e828c3594f3a8f,motorcontrolman,3
0000/03/03 16:49:00,motorcontrolman,11,https://qiita.com/motorcontrolman/items/52904d05aff149aeab2b,motorcontrolman,3
0000/03/03 22:05:12,arima_naoki,1,https://qiita.com/arima_naoki/items/53e5888a56377c5235db,,1
0000/03/04 19:23:46,stozaki,10,https://qiita.com/stozaki/items/757b3fa687016a14a0a1,,2
0000/03/05 18:19:43,popura,1,https://qiita.com/popura/items/d22e4e3573d5f15a59a3,,4
0000/03/05 22:33:30,gkhtnk,5,https://qiita.com/gkhtnk/items/8f547f07212e22b65243,,5
0000/03/07 00:33:35,kanedayo,0,https://qiita.com/kanedayo/items/7e3fae642737748392d9,,1
0000/03/09 00:02:09,9W3R7Y,29,https://qiita.com/9W3R7Y/items/ee006fac0284d164c781,,1
0000/03/11 06:11:46,eigs,9,https://qiita.com/eigs/items/15e8427aa5c186e88567,michio_MWJ,1
0000/03/11 06:30:04,eigs,80,https://qiita.com/eigs/items/628a2aeb3cb9eef91093,michio_MWJ,2
0000/03/11 16:14:03,dylab,1,https://qiita.com/dylab/items/721ecbab5921be710b8a,,1
0000/03/11 19:28:11,shun-kusano,9,https://qiita.com/shun-kusano/items/2f37e1af782d480416e9,,2
0000/03/12 02:39:09,Hexans,7,https://qiita.com/Hexans/items/8b9762258ff722c8fbb5,AIProgrammers,2
0000/03/13 13:55:56,teruqii,28,https://qiita.com/teruqii/items/e508149364f0c513edea,,2
0000/03/13 15:42:55,nixir,4,https://qiita.com/nixir/items/86e92c9be47be2bc5d2d,,2
0000/03/13 16:39:11,mizukirc,11,https://qiita.com/mizukirc/items/2b9e8e13c7d93b9827d3,,5
0000/03/13 23:42:20,larking95,18,https://qiita.com/larking95/items/4d9bf7a2489d79ebb90b,larking95,2
0000/03/14 07:45:11,universato,3,https://qiita.com/universato/items/735d309d2a697e8529c0,universato,2
0000/03/14 20:25:04,AraNeco,3,https://qiita.com/AraNeco/items/0f472d9492b3d7055bd4,,2
0000/03/15 01:32:25,daenqiita,5,https://qiita.com/daenqiita/items/be92e332fb029bacd795,,3
0000/03/15 01:33:45,griffin921,62,https://qiita.com/griffin921/items/d761abc656542f62a611,griffin921,2
0000/03/18 06:16:11,eigs,30,https://qiita.com/eigs/items/5a62d9aff7d83af55099,michio_MWJ,2
0000/03/19 00:49:27,tohruk,9,https://qiita.com/tohruk/items/c0325a36a023f4e44e3c,,2
0000/03/19 03:18:42,oicawa,17,https://qiita.com/oicawa/items/95a2f02b771cfc25f8ab,,8
0000/03/19 12:42:58,konakalab,15,https://qiita.com/konakalab/items/1e34434d029304eb8362,konakalab,2
0000/03/20 00:02:43,higo,6,https://qiita.com/higo/items/2918fe4e897f4d409ed4,,2
0000/03/20 12:36:55,Fuminori_Souma,11,https://qiita.com/Fuminori_Souma/items/17d1411184578ed76592,,1
0000/03/20 17:53:29,freqalbeltokei,0,https://qiita.com/freqalbeltokei/items/ae814d55e1e0d61e1d89,,3
0000/03/21 01:21:59,oicawa,0,https://qiita.com/oicawa/items/5e1c37f7d83c6f6aab58,,8
0000/03/21 03:25:55,larking95,3,https://qiita.com/larking95/items/44248436e86a59765572,larking95,2
0000/03/21 04:55:40,larking95,11,https://qiita.com/larking95/items/d08e0b4bcf241bcf3bf9,larking95,2
0000/03/21 07:50:10,17ec084,2,https://qiita.com/17ec084/items/47743da791811820eb22,,2
0000/03/21 14:23:55,mizukirc,10,https://qiita.com/mizukirc/items/3a8adad0d661bdea605b,,4
0000/03/22 00:28:10,oicawa,11,https://qiita.com/oicawa/items/e80447ba51de14a76878,,8
0000/03/22 14:21:04,yoneken,2,https://qiita.com/yoneken/items/294f968fd4d9f609a0aa,k_yone,8
0000/03/25 06:46:30,amikura,0,https://qiita.com/amikura/items/8138cc1902bd4bbb3e28,amikura1986,2
0000/03/25 06:56:25,eigs,4,https://qiita.com/eigs/items/a93f37e57a388bed5dbd,michio_MWJ,2
0000/03/25 07:12:11,eigs,14,https://qiita.com/eigs/items/fee977f4acbf1a4b3472,michio_MWJ,2
0000/03/25 14:13:47,tttamaki,0,https://qiita.com/tttamaki/items/393697d8e2436769cf1c,ttttamaki,6
0000/03/25 21:37:09,zoekaeru,5,https://qiita.com/zoekaeru/items/71db62bb159f27e450cb,,3
0000/03/26 22:01:23,dokagui_tairan,18,https://qiita.com/dokagui_tairan/items/e60ba14f0519397616a5,dokagui_tairan,2
0000/03/27 12:00:13,yamori813,3,https://qiita.com/yamori813/items/7ef6e2af5a33251d2ced,yamori813,4
0000/03/27 22:13:12,motorcontrolman,56,https://qiita.com/motorcontrolman/items/60480e0766d00f3b3d8f,motorcontrolman,3
0000/03/28 09:14:26,shun-kusano,30,https://qiita.com/shun-kusano/items/e11934158c397bcabf2a,,2
0000/03/29 10:18:45,dokagui_tairan,38,https://qiita.com/dokagui_tairan/items/67728c042f3cb5ef10bb,dokagui_tairan,2
0000/03/29 15:33:41,kotai2003,2,https://qiita.com/kotai2003/items/8086f36ac23003c7372e,,2
0000/03/30 19:21:12,teruqii,10,https://qiita.com/teruqii/items/9e10e288dbb9aae5e0c3,,2
0000/03/30 23:18:22,aoimidori,23,https://qiita.com/aoimidori/items/6629b08dfa65ad306be9,,2
0000/03/31 15:54:07,tohruk,29,https://qiita.com/tohruk/items/e5f7939b622bcf2e3c4c,,2
0000/03/31 15:58:01,tohruk,12,https://qiita.com/tohruk/items/4f512d312e6d212f287b,,2
0000/03/31 20:56:30,kenichi-hamaguchi,8,https://qiita.com/kenichi-hamaguchi/items/d4e451e67ebf380a48c6,,3
0000/04/01 00:32:26,dokagui_tairan,5,https://qiita.com/dokagui_tairan/items/1e3a1ff33c72e4bff477,dokagui_tairan,2
0000/04/01 10:52:34,tohruk,12,https://qiita.com/tohruk/items/59e527a3e8b540219cc1,,2
0000/04/02 13:15:45,tohruk,3,https://qiita.com/tohruk/items/fc1dd27cb1d9b01bf3ff,,2
0000/04/03 08:49:00,aoimidori,21,https://qiita.com/aoimidori/items/b767c66ece2cc2725495,,2
0000/04/03 13:53:13,tohruk,4,https://qiita.com/tohruk/items/4f5d496b058049ecc4c0,,2
0000/04/03 18:20:39,stozaki,4,https://qiita.com/stozaki/items/f40e439e0cdd6543112a,,2
0000/04/03 22:34:07,aoimidori,7,https://qiita.com/aoimidori/items/85aa3a5791ca86a46217,,2
0000/04/05 17:36:49,S_Sekino,1,https://qiita.com/S_Sekino/items/2355186c203cd4e15a9d,,1
0000/04/05 19:07:01,YutaNakamura_bbhomejp,2,https://qiita.com/YutaNakamura_bbhomejp/items/91820f6ad825b5eec3cd,bbhomejp,1
0000/04/05 19:35:48,YutaNakamura_bbhomejp,8,https://qiita.com/YutaNakamura_bbhomejp/items/fac60f397685f6fb8050,bbhomejp,1
0000/04/05 22:15:04,tohruk,7,https://qiita.com/tohruk/items/2a654f86db846b27d035,,2
0000/04/05 23:38:38,tohruk,1,https://qiita.com/tohruk/items/0dca7cbc13b8793d250f,,2
0000/04/06 04:14:29,eigs,19,https://qiita.com/eigs/items/5d4f93464eb6506bead6,michio_MWJ,2
0000/04/06 10:09:47,tohruk,5,https://qiita.com/tohruk/items/02b5b0b2bafe51d97602,,2
0000/04/06 12:05:21,rysk-t,1,https://qiita.com/rysk-t/items/7d42baa7d59bc255979a,,5
0000/04/07 10:01:32,hyro79,3,https://qiita.com/hyro79/items/a9bff39ac863655335b5,,2
0000/04/07 17:47:31,tohruk,7,https://qiita.com/tohruk/items/5a04153c079ed5446f59,,2
0000/04/08 20:33:22,yoya,1,https://qiita.com/yoya/items/17acd1bf1b5346af6eac,yoya,2
0000/04/08 21:52:24,rotace,61,https://qiita.com/rotace/items/351fe0a0a7a550545cd8,,2
0000/04/08 23:00:37,aoimidori,17,https://qiita.com/aoimidori/items/9678631a966a4a6abc40,,2
0000/04/09 01:01:07,nomu0416,2,https://qiita.com/nomu0416/items/e9c3e24615ef3a56ae1f,,1
0000/04/09 07:33:51,dokagui_tairan,10,https://qiita.com/dokagui_tairan/items/4fdfb4d5342f40a27ffb,dokagui_tairan,2
0000/04/09 15:03:50,h583,4,https://qiita.com/h583/items/2ea83d734043dd0d76f2,,2
0000/04/09 18:58:33,osobono,6,https://qiita.com/osobono/items/342cb4ce6a5f5cbb9be6,pla60_riko,2
0000/04/10 10:30:22,tohruk,5,https://qiita.com/tohruk/items/61d5a71c674f09ce127f,,2
0000/04/10 20:39:35,yoya,1,https://qiita.com/yoya/items/22fe032cb8c43026a3c0,yoya,2
0000/04/12 19:23:06,Usuwo,0,https://qiita.com/Usuwo/items/6336637e5636373f7bac,UsuwoLaboratory,4
0000/04/12 22:17:20,tohruk,3,https://qiita.com/tohruk/items/f3ca2275b72ba55614f5,,2
0000/04/13 06:51:37,eigs,8,https://qiita.com/eigs/items/81ceaf8d0abc426d29d7,michio_MWJ,2
0000/04/13 20:22:45,h583,3,https://qiita.com/h583/items/626eda59095792a22690,,2
0000/04/14 10:07:39,7of9,0,https://qiita.com/7of9/items/429353cd17a924d3a737,,4
0000/04/14 17:23:25,rysk-t,3,https://qiita.com/rysk-t/items/d83d3e3a25114bf12414,,5
0000/04/14 17:30:08,gracehime,8,https://qiita.com/gracehime/items/cd5be0f238af35a5d362,juraruming,1
0000/04/14 17:46:34,h583,4,https://qiita.com/h583/items/faa05697a8293299190d,,2
0000/04/14 21:50:39,h583,5,https://qiita.com/h583/items/e223d9c75b653fda7d34,,2
0000/04/15 14:52:55,17ec084,7,https://qiita.com/17ec084/items/e7176ddb6c06bb09a64d,,2
0000/04/15 23:55:20,motorcontrolman,77,https://qiita.com/motorcontrolman/items/b8d89a0cc09c73e058cb,motorcontrolman,2
0000/04/16 20:38:00,tohruk,4,https://qiita.com/tohruk/items/18efdb0bd502fbd805e6,,2
0000/04/16 22:42:10,kouichi-c-nakamura,12,https://qiita.com/kouichi-c-nakamura/items/ad84587f9c67cc8ce527,,5
0000/04/17 09:22:29,tohruk,8,https://qiita.com/tohruk/items/43b3dd1451b99b99cde3,,2
0000/04/17 10:22:45,f-akazawa,0,https://qiita.com/f-akazawa/items/0af3c5228caa7030a581,Eki_Sendai,7
0000/04/17 23:14:31,aoimidori,4,https://qiita.com/aoimidori/items/ab5a4383b5a7bb307bad,,2
0000/04/18 15:04:50,watakandai,6,https://qiita.com/watakandai/items/7e06df1a03fe4c494962,watakandhi,4
0000/04/18 17:06:55,ossyaritoori,1,https://qiita.com/ossyaritoori/items/354e88ffb1ac50566a21,ossyaritoori,4
0000/04/19 02:08:12,Hexans,0,https://qiita.com/Hexans/items/4eb02eec0f8912a0d4e5,AIProgrammers,2
0000/04/19 21:57:41,xaskg,8,https://qiita.com/xaskg/items/7c8316cbb8b94a60ec3b,xaskg,6
0000/04/21 17:53:42,CaughC,2,https://qiita.com/CaughC/items/4e2f997dcbefa8e04980,,1
0000/04/22 01:56:19,ossyaritoori,3,https://qiita.com/ossyaritoori/items/85b14f1edde547135608,ossyaritoori,3
0000/04/22 02:39:37,HppyCtrlEngnrng,16,https://qiita.com/HppyCtrlEngnrng/items/9a757836f680a10f5589,HppyCtrlEngnrng,2
0000/04/23 13:20:26,tohruk,1,https://qiita.com/tohruk/items/5894fc5787e2a4e7db2e,,2
0000/04/23 13:55:40,aoimidori,5,https://qiita.com/aoimidori/items/cdf980a97fc125392c9f,,2
0000/04/24 07:50:31,eigs,28,https://qiita.com/eigs/items/5d96212d265bf1437254,michio_MWJ,2
0000/04/25 20:54:54,gochagochainmyhead,0,https://qiita.com/gochagochainmyhead/items/4aa6b6c559af28e87cd5,,2
0000/04/25 22:22:24,ossyaritoori,0,https://qiita.com/ossyaritoori/items/f6e816531b6d52f1dc84,ossyaritoori,3
0000/04/27 21:01:25,nakaziki,0,https://qiita.com/nakaziki/items/063e940685978b95e9aa,,3
0000/04/29 02:23:31,makerbox,8,https://qiita.com/makerbox/items/bb9245a40d5475f702bb,,8
0000/04/29 02:35:36,makerbox,3,https://qiita.com/makerbox/items/2ffa1d901d3898164f16,,8
0000/04/29 02:41:54,makerbox,3,https://qiita.com/makerbox/items/459b8703bd0d71b4078c,,8
0000/04/30 09:45:33,tohruk,0,https://qiita.com/tohruk/items/6fca2c05e5f0133f3775,,2
0000/04/30 10:36:49,asahi4549,13,https://qiita.com/asahi4549/items/e39513b145ef3e9f40ba,dT5UsUE0JTQFfXn,1
0000/04/30 15:47:02,tommyecguitar,2,https://qiita.com/tommyecguitar/items/f7cb6e1e501868f511aa,,1
0000/04/30 16:45:56,eigs,7,https://qiita.com/eigs/items/03a49a65008f82d2a509,michio_MWJ,2
0000/04/30 21:04:40,Monzo_N,6,https://qiita.com/Monzo_N/items/05609f5b097e6a88f801,,2
0000/05/01 20:02:50,ozora,11,https://qiita.com/ozora/items/658bea3d1dd6ad0e9094,,2
0000/05/02 19:45:27,tatsuyai713,25,https://qiita.com/tatsuyai713/items/166644bedd9c8c91d1e3,,1
0000/05/03 09:16:33,yamori813,2,https://qiita.com/yamori813/items/c111288a87e56a4674d7,yamori813,2
0000/05/03 11:00:18,asahi4549,5,https://qiita.com/asahi4549/items/f55b3df8dbcda7354625,dT5UsUE0JTQFfXn,1
0000/05/04 00:01:18,Pojoy,7,https://qiita.com/Pojoy/items/00edba75081f1733c228,,2
0000/05/04 00:52:15,nakaziki,9,https://qiita.com/nakaziki/items/623f55b3641570a21f47,,3
0000/05/04 01:01:19,MeguruMokke,6,https://qiita.com/MeguruMokke/items/8a29a7e537d84ae51281,MeguruMokke,5
0000/05/05 12:59:03,cozy16,1,https://qiita.com/cozy16/items/e4d55637e645d54ee247,,2
0000/05/05 17:03:54,Fuminori_Souma,52,https://qiita.com/Fuminori_Souma/items/9e0bc9a92515cfffeda1,,2
0000/05/05 19:31:41,Monzo_N,9,https://qiita.com/Monzo_N/items/753f12c6d91dd67940bc,,2
0000/05/05 23:01:26,Alberobellojiro,3,https://qiita.com/Alberobellojiro/items/009a739099fbd50e09ef,,4
0000/05/06 13:29:44,gkhtnk,9,https://qiita.com/gkhtnk/items/1c321dcdda30be2a358e,,2
0000/05/06 16:34:58,izayoi5776,1,https://qiita.com/izayoi5776/items/a8eb78a3952a3cb092bb,,2
0000/05/06 21:33:07,stozaki,7,https://qiita.com/stozaki/items/2af5e676adfb9418c975,,2
0000/05/07 17:06:01,tommyecguitar,83,https://qiita.com/tommyecguitar/items/5e07b622eaa329ed78a2,,2
0000/05/07 17:11:05,eigs,4,https://qiita.com/eigs/items/60aabea7756da418a5e0,michio_MWJ,2
0000/05/07 17:19:20,K_A_Lab,6,https://qiita.com/K_A_Lab/items/cd1c568c1984c6068f3a,K_A_Lab,5
0000/05/08 10:15:11,tommyecguitar,10,https://qiita.com/tommyecguitar/items/2b541ea1d44a5c2e38b9,,2
0000/05/09 19:09:15,mizukirc,7,https://qiita.com/mizukirc/items/a8765d0bb31665f56787,,4
0000/05/10 10:51:23,q_tarou,4,https://qiita.com/q_tarou/items/560adc9e7a525c30a1e2,q_tarou,9
0000/05/11 23:02:47,oicawa,2,https://qiita.com/oicawa/items/42ee74b4c1f278aa7b5b,,8
0000/05/11 23:19:16,sub_zero,1,https://qiita.com/sub_zero/items/ef2e7cff57d4dd3e54c1,,1
0000/05/12 08:43:04,eigs,7,https://qiita.com/eigs/items/b066bd0a7523c2a06570,michio_MWJ,2
0000/05/13 00:15:42,matsukenbass,2,https://qiita.com/matsukenbass/items/a487eb21f221a599da56,,2
0000/05/14 16:14:25,makki_maki04,5,https://qiita.com/makki_maki04/items/f968b2959ebf163487c3,,3
0000/05/14 19:00:32,SacredTubes,2,https://qiita.com/SacredTubes/items/e8bfe5d005a821886a61,,2
0000/05/15 00:45:51,namn1125,2,https://qiita.com/namn1125/items/ac48150a518f27748a5f,namnium_01,3
0000/05/15 13:04:44,SacredTubes,2,https://qiita.com/SacredTubes/items/58824fb544537bc2cdbf,,2
0000/05/15 14:39:26,jellied_unagi,1,https://qiita.com/jellied_unagi/items/d49a13ae07fd6f4ffd55,jellied_unagi,10
0000/05/15 16:57:07,jellied_unagi,7,https://qiita.com/jellied_unagi/items/3eb1d737aa007a0ab23b,jellied_unagi,10
0000/05/16 01:06:46,kochory,70,https://qiita.com/kochory/items/711699b983d696454b65,,6
0000/05/16 05:52:38,katsu1110,5,https://qiita.com/katsu1110/items/84db05a2c5a7836fd43f,kk1110tt,5
0000/05/18 10:05:51,yamori813,3,https://qiita.com/yamori813/items/99ce6a8f9b8a0e9be9e8,yamori813,2
0000/05/19 06:50:41,eigs,4,https://qiita.com/eigs/items/aca1b89d898b76c77635,michio_MWJ,2
0000/05/19 12:56:14,kenichi-hamaguchi,6,https://qiita.com/kenichi-hamaguchi/items/970f06b27873b4164d6a,,3
0000/05/19 18:59:09,matsukenbass,4,https://qiita.com/matsukenbass/items/db828eafe61cd19c6b80,,2
0000/05/20 19:57:44,SacredTubes,11,https://qiita.com/SacredTubes/items/7ddc99edf33e91ef6c0e,,2
0000/05/20 23:57:38,SacredTubes,14,https://qiita.com/SacredTubes/items/1820b56ee5670f4d595e,,2
0000/05/21 02:00:05,tkksnk,2,https://qiita.com/tkksnk/items/a054c3f4d5eda70393a1,tkksnk,6
0000/05/21 09:43:35,jamjam,1,https://qiita.com/jamjam/items/6b926f78a8ba53feaf14,,1
0000/05/21 18:33:17,SacredTubes,3,https://qiita.com/SacredTubes/items/6342b8000251194a921d,,2
0000/05/21 22:34:10,suiton,5,https://qiita.com/suiton/items/1b83060b80eac344668e,suiton_gbf,3
0000/05/22 15:49:41,dokagui_tairan,5,https://qiita.com/dokagui_tairan/items/620257399f3038e451d2,dokagui_tairan,1
0000/05/22 17:32:06,teawiry,1,https://qiita.com/teawiry/items/6e1fffeee10d44c371ee,,6
0000/05/22 23:13:11,mucunwuxian,8,https://qiita.com/mucunwuxian/items/55ec8e98cf6401bd60dc,,6
0000/05/24 22:01:23,daxanya1,5256,https://qiita.com/daxanya1/items/218f2e3b922142550ef9,daxanya1,7
0000/05/26 20:15:09,SacredTubes,3,https://qiita.com/SacredTubes/items/275a5b6fa541fe754c73,,2
0000/05/27 06:17:57,eigs,3,https://qiita.com/eigs/items/c1ce9bd7555b918aa3a3,michio_MWJ,2
0000/05/27 07:40:42,hnagashima895,0,https://qiita.com/hnagashima895/items/214a6a09f30d050d37ef,,3
0000/05/27 23:52:24,tkksnk,4,https://qiita.com/tkksnk/items/cd6c6639fca4a05e3963,tkksnk,6
0000/05/29 23:56:41,griffin921,17,https://qiita.com/griffin921/items/230a79afe67649d6edd3,griffin921,2
0000/05/30 02:22:23,tkksnk,1,https://qiita.com/tkksnk/items/32d573b7a6115d9bc4e6,tkksnk,6
0000/05/31 16:01:59,intel0326,2,https://qiita.com/intel0326/items/b20aae48a49ae57b1fee,,3
0000/05/31 19:47:28,HA_qiita,5,https://qiita.com/HA_qiita/items/6aa56912943888925efe,,7
0000/06/01 11:52:33,tohruk,2,https://qiita.com/tohruk/items/1c852d302339acf7058d,,2
0000/06/01 23:07:05,MENDY,9,https://qiita.com/MENDY/items/9274ba347bb8b524ec38,menomendy,4
0000/06/02 00:13:37,mikannto15,6,https://qiita.com/mikannto15/items/bcad27358cd2ad67db2e,mikannto15,1
0000/06/02 00:47:18,mikannto15,6,https://qiita.com/mikannto15/items/6c7ffa396d2c4624455b,mikannto15,1
0000/06/03 22:37:54,mikannto15,12,https://qiita.com/mikannto15/items/1c1907a7901b61a1424f,mikannto15,2
0000/06/04 08:30:49,taka_yayoi,3,https://qiita.com/taka_yayoi/items/7e6f1c263ce92734d958,taka_aki,1
0000/06/04 11:31:26,ossyaritoori,1,https://qiita.com/ossyaritoori/items/f33d502bd869c3db7d84,ossyaritoori,2
0000/06/06 13:10:00,MENDY,5,https://qiita.com/MENDY/items/7f655c1e7f5d8027b42a,menomendy,4
0000/06/07 07:23:52,eigs,5,https://qiita.com/eigs/items/c3b60b5829b73f1a4f41,michio_MWJ,2
0000/06/07 21:25:00,Alberobellojiro,3,https://qiita.com/Alberobellojiro/items/816723e8b703127e3aa7,,4
0000/06/08 18:25:54,RU4_Ryo,2,https://qiita.com/RU4_Ryo/items/86dc5d2721fe5fb4f30b,,2
0000/06/08 18:59:49,RU4_Ryo,4,https://qiita.com/RU4_Ryo/items/e718f0484be6c0cabef9,,2
0000/06/09 12:51:31,tohruk,6,https://qiita.com/tohruk/items/43667dbd327c3d3a5b95,,2
0000/06/09 19:42:08,masahirodll,7,https://qiita.com/masahirodll/items/d06913fbe03f96c42b60,,5
0000/06/10 03:07:07,gkhtnk,7,https://qiita.com/gkhtnk/items/4bf4838558562dbec4c6,,5
0000/06/10 10:46:27,gkhtnk,3,https://qiita.com/gkhtnk/items/cffb2430bf0c1c8c68af,,5
0000/06/11 16:54:37,DeanKH,0,https://qiita.com/DeanKH/items/a6fe37f3b68724cff931,,7
0000/06/11 17:40:57,masahiro_isono,6,https://qiita.com/masahiro_isono/items/ad5d36483f27ff4bcb95,masahiro_isono,4
0000/06/11 17:43:43,DeanKH,1,https://qiita.com/DeanKH/items/bb50659ab7d3b4d4f314,,7
0000/06/11 19:31:34,hibs_MATLAB_Amb,6,https://qiita.com/hibs_MATLAB_Amb/items/1b92be3f1c1de446d64d,hibs_MATLAB_Amb,1
0000/06/12 22:04:29,kaizen_nagoya,3,https://qiita.com/kaizen_nagoya/items/ae092ea6aef89cdc15df,kaizen_nagoya,1
0000/06/13 16:43:04,sshojiro,3,https://qiita.com/sshojiro/items/168c13d8b02f0af68766,sshojiro_jp,7
0000/06/13 21:26:58,oicawa,2,https://qiita.com/oicawa/items/a1e3e8a24afef49c7a9a,,8
0000/06/14 01:24:30,qoopen0815,13,https://qiita.com/qoopen0815/items/ebf1b0c5b4bd67c2ce8d,,3
0000/06/14 14:40:17,dokagui_tairan,6,https://qiita.com/dokagui_tairan/items/3851f702573ab4bac8aa,dokagui_tairan,2
0000/06/14 15:39:40,DeanKH,0,https://qiita.com/DeanKH/items/d58fe53d209789d33b22,,7
0000/06/16 10:33:35,7of9,0,https://qiita.com/7of9/items/1c673df397537c489ba6,,4
0000/06/17 12:48:58,sshojiro,2,https://qiita.com/sshojiro/items/e8fb02f2911ca474d123,sshojiro_jp,7
0000/06/17 20:52:16,hibs_MATLAB_Amb,4,https://qiita.com/hibs_MATLAB_Amb/items/c16a2428941eeedddec6,hibs_MATLAB_Amb,1
0000/06/17 23:05:55,dokagui_tairan,7,https://qiita.com/dokagui_tairan/items/5d6d1302698659d4d9f8,dokagui_tairan,2
0000/06/18 00:17:22,umi_mori,3,https://qiita.com/umi_mori/items/bfbfda5171d1a339a14d,umi_mori_jp,2
0000/06/18 18:29:20,sshojiro,5,https://qiita.com/sshojiro/items/b83fc05161e980a39ccd,sshojiro_jp,2
0000/06/19 06:10:45,kennykogure,17,https://qiita.com/kennykogure/items/5ac71b58e560f56f5977,,4
0000/06/20 01:00:36,C2_now,3,https://qiita.com/C2_now/items/9d909d8f6ee5481c9c03,C2_now,1
0000/06/20 01:20:26,MENDY,7,https://qiita.com/MENDY/items/9b33ee852d6d43fc523c,menomendy,4
0000/06/20 10:18:58,jamjam,3,https://qiita.com/jamjam/items/2c5ed1f950d0a5330f8f,,2
0000/06/20 18:15:30,MENDY,5,https://qiita.com/MENDY/items/439ea46f2c723031d169,menomendy,4
0000/06/20 18:25:37,jamjam,1,https://qiita.com/jamjam/items/f109f27fdae62602d03b,,2
0000/06/20 21:21:58,k_zoo,6,https://qiita.com/k_zoo/items/6fae944d4d79744dae76,zoo__kazu,3
0000/06/21 08:39:54,jamjam,2,https://qiita.com/jamjam/items/0e5f83926599de2acbc0,,2
0000/06/21 23:53:48,griffin921,14,https://qiita.com/griffin921/items/cacd40afc01533f1e69a,griffin921,2
0000/06/22 09:09:14,jamjam,2,https://qiita.com/jamjam/items/08472079ff10e5312d32,,2
0000/06/22 10:21:02,mocha-N,5,https://qiita.com/mocha-N/items/20d7f5451fc755776cf0,,3
0000/06/23 07:05:13,jamjam,1,https://qiita.com/jamjam/items/7ced2b3936bf2371b4bd,,2
0000/06/24 21:34:48,hibs_MATLAB_Amb,5,https://qiita.com/hibs_MATLAB_Amb/items/8bb64b362c7a29491e23,hibs_MATLAB_Amb,1
0000/06/25 05:31:16,jamjam,1,https://qiita.com/jamjam/items/61dc8c9e4ce01df8e113,,2
0000/06/25 08:25:17,jamjam,1,https://qiita.com/jamjam/items/d67d06edbca8c03acccb,,2
0000/06/25 09:17:13,jamjam,0,https://qiita.com/jamjam/items/66b10cd37030616d3c70,,1
0000/06/25 20:08:26,g_rej55,3,https://qiita.com/g_rej55/items/a033d9de6a85aeb721ff,e55cyr,4
0000/06/26 06:44:52,Monzo_N,8,https://qiita.com/Monzo_N/items/33dd847cea2ce1b6f173,,3
0000/06/26 06:48:36,Monzo_N,6,https://qiita.com/Monzo_N/items/3ba3173b1af502856bf9,,3
0000/06/26 06:51:05,Monzo_N,1,https://qiita.com/Monzo_N/items/d3a1cb70f49e77741e73,,3
0000/06/26 07:51:46,jamjam,2,https://qiita.com/jamjam/items/ee045a9ccb46ebed1510,,2
0000/06/26 13:19:09,osamu_sekino,2,https://qiita.com/osamu_sekino/items/4767995f424b398ecd8c,,1
0000/06/26 14:06:27,ina111,29,https://qiita.com/ina111/items/6e3c4d85036fd993d23c,ina111,4
0000/06/27 20:01:15,h583,1,https://qiita.com/h583/items/3ccd180976c1c79f481e,,2
0000/06/27 21:24:22,ossyaritoori,2,https://qiita.com/ossyaritoori/items/4279c7082369248b7559,ossyaritoori,4
0000/06/28 00:30:08,moko_middo,3,https://qiita.com/moko_middo/items/e6d4c1e33c1bc1045023,moko_middo,2
0000/06/28 01:14:19,h583,5,https://qiita.com/h583/items/aaafbf859378f37f3d71,,2
0000/06/28 21:23:55,watakandai,16,https://qiita.com/watakandai/items/9f2bf161bd82aca1f226,watakandhi,4
0000/06/29 10:59:09,sshojiro,3,https://qiita.com/sshojiro/items/eb9c19e5060f52a615b1,sshojiro_jp,5
0000/06/29 23:33:13,Yuricst,2,https://qiita.com/Yuricst/items/1594cacb930bd4fa6d63,,2
0000/06/30 04:46:21,eigs,4,https://qiita.com/eigs/items/b77788837be5058166cc,michio_MWJ,2
0000/06/30 06:57:32,kouichi-c-nakamura,9,https://qiita.com/kouichi-c-nakamura/items/3c15caae4ad7b278fc19,,6
0000/06/30 12:43:12,kouichi-c-nakamura,0,https://qiita.com/kouichi-c-nakamura/items/ae9dc371eade0fd0a945,,6
0000/06/30 15:02:44,shun-kusano,12,https://qiita.com/shun-kusano/items/4d928aab64010cac980a,,2
0000/06/30 19:18:02,potato_omom,1,https://qiita.com/potato_omom/items/76555c1fe9463c487d2d,potato_omom,5
0000/07/01 03:08:32,kouichi-c-nakamura,1,https://qiita.com/kouichi-c-nakamura/items/179e9debc4606a57bd86,,6
0000/07/02 10:50:29,hyro79,2,https://qiita.com/hyro79/items/ff64ec1dcb6a7a68f641,,2
0000/07/02 18:30:03,hibs_MATLAB_Amb,2,https://qiita.com/hibs_MATLAB_Amb/items/a61bcfd8b56f842e85b0,hibs_MATLAB_Amb,1
0000/07/02 22:09:19,jonathanh,4,https://qiita.com/jonathanh/items/f8c9680ff8d0256aefc8,,4
0000/07/03 09:37:00,sshojiro,8,https://qiita.com/sshojiro/items/c3e5c36b1a587e6f5e48,sshojiro_jp,7
0000/07/03 12:14:33,shino-kei,2,https://qiita.com/shino-kei/items/2d065e1711703a43d7da,usouso_800,5
0000/07/03 12:44:02,potato_omom,3,https://qiita.com/potato_omom/items/3f6138b67d2b24ef2e7d,potato_omom,5
0000/07/06 07:08:44,eigs,7,https://qiita.com/eigs/items/3a71c0da1744e48e9bca,michio_MWJ,2
0000/07/06 07:17:48,h583,3,https://qiita.com/h583/items/7581829f897f46c40348,,2
0000/07/06 22:14:59,moko_middo,3,https://qiita.com/moko_middo/items/0bb5151b662c59eb2bce,moko_middo,2
0000/07/07 12:37:01,kouichi-c-nakamura,6,https://qiita.com/kouichi-c-nakamura/items/518cd401e35889646b2e,,6
0000/07/07 21:10:18,optimisuke,2,https://qiita.com/optimisuke/items/23f37a7052d4d8a13964,optimisuke,4
0000/07/07 21:16:12,Fuminori_Souma,6,https://qiita.com/Fuminori_Souma/items/129f8a58d6f7b0837c12,,3
0000/07/08 11:40:09,umi_mori,0,https://qiita.com/umi_mori/items/00de0cdac6cd381a0378,umi_mori_jp,2
0000/07/08 20:21:36,shohirose,5,https://qiita.com/shohirose/items/593703e10443f3373be8,sho_shiz,4
0000/07/08 20:21:40,DoggyID,8,https://qiita.com/DoggyID/items/ef4dc9a6eb3847f09456,DoggyID,1
0000/07/08 22:25:41,kaizen_nagoya,13,https://qiita.com/kaizen_nagoya/items/b8ac7c9b7cb746a4e6ce,kaizen_nagoya,4
0000/07/09 15:02:43,eimy9,0,https://qiita.com/eimy9/items/75f30a457195296d7cd5,,2
0000/07/10 01:46:42,g_rej55,40,https://qiita.com/g_rej55/items/3f60c636a6a7e940b7f8,e55cyr,7
0000/07/11 01:19:48,g_rej55,16,https://qiita.com/g_rej55/items/8f1fabb6b4bad615bbe5,e55cyr,7
0000/07/11 23:52:56,optimisuke,1,https://qiita.com/optimisuke/items/3cf4f14f92b4d809b555,optimisuke,4
0000/07/12 22:12:07,whiteeel,0,https://qiita.com/whiteeel/items/93ff66ccb84d0dcd80be,,4
0000/07/13 11:16:48,oicawa,6,https://qiita.com/oicawa/items/1ba37c9d441e2f036f42,,8
0000/07/13 12:28:48,oicawa,3,https://qiita.com/oicawa/items/438182fbdc9beaa9dbd2,,8
0000/07/13 12:40:42,Naoki0929,1,https://qiita.com/Naoki0929/items/b0fb6963fc9e2bc17130,,1
0000/07/15 12:22:50,eigs,5,https://qiita.com/eigs/items/e3b417a9d239bce404f7,michio_MWJ,2
0000/07/15 18:45:26,Fuminori_Souma,4,https://qiita.com/Fuminori_Souma/items/6122a5ae33f2413322b5,,3
0000/07/15 20:14:01,mana_544,9,https://qiita.com/mana_544/items/25fdb0ed427b38ea6525,mana_544,3
0000/07/16 15:16:58,chicken9,7,https://qiita.com/chicken9/items/65799a63cccb9a4a947a,,2
0000/07/16 17:53:36,Rowing0914,1,https://qiita.com/Rowing0914/items/a0e0e0d13faa337bb6dc,,4
0000/07/18 06:31:26,Monzo_N,10,https://qiita.com/Monzo_N/items/6a9f7a7756aca2198fe3,,3
0000/07/19 10:28:33,Manao,13,https://qiita.com/Manao/items/6cf136114ac402ddbad8,,2
0000/07/19 11:51:30,h583,5,https://qiita.com/h583/items/19a0e64cdf1d9a7fdeeb,,2
0000/07/19 23:42:39,kouichi-c-nakamura,72,https://qiita.com/kouichi-c-nakamura/items/468fe09874461911dfab,,5
0000/07/20 15:19:07,UT_MATLAB_Amb,4,https://qiita.com/UT_MATLAB_Amb/items/eed631150fc05bda4e14,UT_MATLAB_Amb,2
0000/07/20 22:49:36,moko_middo,6,https://qiita.com/moko_middo/items/5efd5aff130f7f75c68e,moko_middo,2
0000/07/21 15:23:25,BCCE,4,https://qiita.com/BCCE/items/ee78b8c4f078c53f5efb,aoiroCarbon,2
0000/07/21 16:53:39,mocobt,1,https://qiita.com/mocobt/items/38d7127ff455b9c1586b,mocobt,1
0000/07/22 19:31:29,sshojiro,1,https://qiita.com/sshojiro/items/f6f5d4a92d523fc21054,sshojiro_jp,7
0000/07/23 07:13:09,hanaata,2,https://qiita.com/hanaata/items/9a267bbf9f0547c807e7,,2
0000/07/23 09:31:23,jamjam,4,https://qiita.com/jamjam/items/fddb5e9194670181105e,,2
0000/07/24 16:50:55,MENDY,12,https://qiita.com/MENDY/items/94cb23bf7a52441d0443,menomendy,4
0000/07/24 16:57:52,Rowing0914,0,https://qiita.com/Rowing0914/items/1bc16733958d4b7afb96,,4
0000/07/24 21:40:08,moko_middo,4,https://qiita.com/moko_middo/items/1a3587f7134002d0486b,moko_middo,2
0000/07/25 10:59:29,kouichi-c-nakamura,6,https://qiita.com/kouichi-c-nakamura/items/ed29951cdd4157d77325,,5
0000/07/26 18:33:53,ossyaritoori,2,https://qiita.com/ossyaritoori/items/75325fb8d18b330105e4,ossyaritoori,4
0000/07/26 19:56:08,kouichi-c-nakamura,2,https://qiita.com/kouichi-c-nakamura/items/1a55e462e97e556d249e,,5
0000/07/27 05:51:48,jamjam,1,https://qiita.com/jamjam/items/680db6bf8a3352c6b50f,,2
0000/07/28 00:24:12,g_rej55,77,https://qiita.com/g_rej55/items/618778dbb4bf286a985b,e55cyr,7
0000/07/28 04:23:05,kouichi-c-nakamura,14,https://qiita.com/kouichi-c-nakamura/items/6c6cd52ad62a0bf7ffb5,,5
0000/07/28 19:39:37,sshojiro,2,https://qiita.com/sshojiro/items/47cdc635ee523c026baa,sshojiro_jp,4
0000/07/28 21:09:09,tommyecguitar,4,https://qiita.com/tommyecguitar/items/47f9b4ed03e29e62178a,,2
0000/07/29 12:32:56,hibs_MATLAB_Amb,5,https://qiita.com/hibs_MATLAB_Amb/items/7d17dd1004a6e9b3ceb1,hibs_MATLAB_Amb,1
0000/07/29 18:54:41,eigs,14,https://qiita.com/eigs/items/9e1bee76a256f38824d1,michio_MWJ,5
0000/07/31 12:50:53,shigepong,3,https://qiita.com/shigepong/items/78b27cfd93ef7a876585,shigepong,8
0000/08/01 13:07:32,shohirose,13,https://qiita.com/shohirose/items/0689a76638fa217c6e83,sho_shiz,4
0000/08/04 21:05:53,BCCE,2,https://qiita.com/BCCE/items/55845202ff3ea69326ec,aoiroCarbon,2
0000/08/05 05:35:59,Kenji6318,26,https://qiita.com/Kenji6318/items/1d14490970fa0bcfd397,Kenji6318,6
0000/08/05 16:02:34,gkhtnk,12,https://qiita.com/gkhtnk/items/22400e46a9983a4e54dd,,4
0000/08/06 01:07:36,kouichi-c-nakamura,2,https://qiita.com/kouichi-c-nakamura/items/1a942e5e3ddab813c8ce,,5
0000/08/06 04:04:28,kouichi-c-nakamura,4,https://qiita.com/kouichi-c-nakamura/items/fb7c056b3b4867ac6687,,5
0000/08/06 13:09:29,SacredTubes,11,https://qiita.com/SacredTubes/items/4938157794e840cbc6e5,,3
0000/08/06 18:33:25,BenQ,2,https://qiita.com/BenQ/items/1772f7ff8d2bbce2f491,,2
0000/08/06 19:50:09,teruqii,11,https://qiita.com/teruqii/items/11c21882613db088e339,,3
0000/08/06 20:46:24,moeki17,0,https://qiita.com/moeki17/items/e136b46f2af9286a0cd0,,2
0000/08/07 00:22:48,CreamyFoam,17,https://qiita.com/CreamyFoam/items/9901cab28aa7a491f7d8,,1
0000/08/07 19:01:39,SacredTubes,4,https://qiita.com/SacredTubes/items/ecd912c612f981173965,,3
0000/08/08 09:11:37,teruqii,13,https://qiita.com/teruqii/items/9aede1165e7428d3f89c,,3
0000/08/09 09:30:32,kouichi-c-nakamura,2,https://qiita.com/kouichi-c-nakamura/items/06b168b575b26195781c,,5
0000/08/09 14:05:25,p_panther,5,https://qiita.com/p_panther/items/00f695f6c476d93897bc,taq_fk,4
0000/08/10 14:17:37,tommyecguitar,5,https://qiita.com/tommyecguitar/items/4cf200479fa8ff5483b0,,2
0000/08/10 14:38:04,S_Sekino,4,https://qiita.com/S_Sekino/items/c96fbf73a6368a7b6a7b,,1
0000/08/10 14:53:15,shigepong,4,https://qiita.com/shigepong/items/80f894ba3cccaed94131,shigepong,8
0000/08/10 17:52:11,ossyaritoori,2,https://qiita.com/ossyaritoori/items/63d2b2ed67b68a5adcde,ossyaritoori,4
0000/08/11 06:29:59,eigs,10,https://qiita.com/eigs/items/4a05e0d66097de0d1a9d,michio_MWJ,2
0000/08/11 10:27:20,kouichi-c-nakamura,2,https://qiita.com/kouichi-c-nakamura/items/0c0080308e651d8704ad,,5
0000/08/11 15:01:50,mtad,1,https://qiita.com/mtad/items/92053f4e0306ebf8218e,,2
0000/08/12 16:55:29,d-kitamura,24,https://qiita.com/d-kitamura/items/7197f66a4a368de5e958,,2
0000/08/13 06:29:18,eigs,7,https://qiita.com/eigs/items/e9496dac362331e61cc7,michio_MWJ,3
0000/08/13 06:29:32,eigs,8,https://qiita.com/eigs/items/1b2b0a9900602ac2b24e,michio_MWJ,3
0000/08/13 11:17:42,teruqii,8,https://qiita.com/teruqii/items/14bdffe71ef9ff061e55,,3
0000/08/13 15:11:09,taka_horibe,36,https://qiita.com/taka_horibe/items/c5d5650f6c8a522ef41b,,5
0000/08/14 12:48:39,17ec084,1,https://qiita.com/17ec084/items/a27852eeb88a23feb185,,2
0000/08/14 18:00:17,kaizen_nagoya,5,https://qiita.com/kaizen_nagoya/items/d613b0b14bfd91989a13,kaizen_nagoya,1
0000/08/15 01:10:06,kouichi-c-nakamura,2,https://qiita.com/kouichi-c-nakamura/items/1ef12d9f14ddfe525d81,,5
0000/08/16 12:12:37,kkado,13,https://qiita.com/kkado/items/88921058638123f35bfe,,3
0000/08/16 15:45:44,Vanitan,3,https://qiita.com/Vanitan/items/09523046bddb2f223732,,3
0000/08/16 16:20:23,macht,18,https://qiita.com/macht/items/05e848f2fa9fab0a538e,,3
0000/08/16 18:06:00,SacredTubes,3,https://qiita.com/SacredTubes/items/aa27a2d8bc122f8e572e,,3
0000/08/16 19:27:20,SacredTubes,5,https://qiita.com/SacredTubes/items/dc3704bc923bb8f4132d,,3
0000/08/17 01:44:41,sanzyuuki,11,https://qiita.com/sanzyuuki/items/6af655d4e2c83c0c77b5,Sanz_jpst,1
0000/08/17 14:11:22,Alberobellojiro,5,https://qiita.com/Alberobellojiro/items/036eb9bdb156af8176bc,,4
0000/08/18 00:09:33,nonbiri15,7,https://qiita.com/nonbiri15/items/58a6781953a2da0f527c,,7
0000/08/18 11:46:20,diver_tomo2002,0,https://qiita.com/diver_tomo2002/items/359422cffcfce7e3cee0,,1
0000/08/18 16:48:31,sanmojih,12,https://qiita.com/sanmojih/items/5ac9ed1510da863d42f2,,3
0000/08/19 03:46:39,ceptree,31,https://qiita.com/ceptree/items/f52fab12bc07753f8909,,5
0000/08/19 10:44:23,teruqii,7,https://qiita.com/teruqii/items/986d4fba96544960f367,,3
0000/08/19 11:05:54,hibs_MATLAB_Amb,3,https://qiita.com/hibs_MATLAB_Amb/items/cac2334b903b8b74be3b,hibs_MATLAB_Amb,1
0000/08/19 18:20:58,sshojiro,7,https://qiita.com/sshojiro/items/83a71eb84d70865bf7a1,sshojiro_jp,6
0000/08/20 08:23:05,teruqii,14,https://qiita.com/teruqii/items/47e5e5830751a9f41552,,3
0000/08/20 12:23:19,shigepong,5,https://qiita.com/shigepong/items/2ddfff87c8315d371068,shigepong,8
0000/08/20 14:24:13,macht,15,https://qiita.com/macht/items/5853875dce0381e33c3a,,3
0000/08/20 15:10:44,uqiitam,15,https://qiita.com/uqiitam/items/12b1662c70f082a15978,,3
0000/08/21 12:00:22,diver_tomo2002,1,https://qiita.com/diver_tomo2002/items/7e9a412bab25c4c70a34,,1
0000/08/21 19:29:40,teruqii,6,https://qiita.com/teruqii/items/3e1d0b15619382da7260,,3
0000/08/21 20:37:57,tommyecguitar,11,https://qiita.com/tommyecguitar/items/40c1108d679593cbdcd4,,2
0000/08/22 00:37:07,gkhtnk,7,https://qiita.com/gkhtnk/items/dd154cc641cc35d7d4bc,,4
0000/08/22 05:39:59,jamjam,1,https://qiita.com/jamjam/items/355991f3650a068b36ac,,2
0000/08/22 21:04:02,motorcontrolman,12,https://qiita.com/motorcontrolman/items/fa6a2435f6b8dd5d4e64,motorcontrolman,2
0000/08/23 00:15:45,monya-nv,1,https://qiita.com/monya-nv/items/e0c936a1a3964b1e07d5,,2
0000/08/23 00:27:51,sanmojih,8,https://qiita.com/sanmojih/items/116046214fa8deac8569,,3
0000/08/23 13:50:07,kkado,8,https://qiita.com/kkado/items/02cce7d5d2b89ab08b37,,3
0000/08/23 18:11:23,lastwaltz,3,https://qiita.com/lastwaltz/items/0b609fcd0f3b19c988a2,,5
0000/08/23 18:14:22,lastwaltz,4,https://qiita.com/lastwaltz/items/eb0fa3f859b25980098d,,5
0000/08/23 22:33:03,optimisuke,0,https://qiita.com/optimisuke/items/f452afc5778eac78d1d1,optimisuke,4
0000/08/24 00:13:10,eigs,10,https://qiita.com/eigs/items/c6668d6a478369e7e525,michio_MWJ,5
0000/08/24 06:15:15,eigs,13,https://qiita.com/eigs/items/48e782baf3ae617190cb,michio_MWJ,2
0000/08/25 01:04:17,Narinii,1,https://qiita.com/Narinii/items/d63163dbbf44f9c5a9d5,,1
0000/08/25 11:51:20,jamjam,1,https://qiita.com/jamjam/items/63f3c9c7780a55a810df,,2
0000/08/25 17:01:09,kajitack,2,https://qiita.com/kajitack/items/6979d7c3ec4421cb4fce,kajitack,7
0000/08/25 20:05:14,Soluna_Eureka,3,https://qiita.com/Soluna_Eureka/items/dd2c6378b42a6a7d1511,Soluna_Eureka,1
0000/08/25 23:55:17,HYCE,12,https://qiita.com/HYCE/items/037a1cd773777e60fdd6,,3
0000/08/26 08:02:46,eigs,13,https://qiita.com/eigs/items/51194d8232d0ceb68d6b,michio_MWJ,3
0000/08/26 11:28:31,macht,10,https://qiita.com/macht/items/de86b46a22f4109df0c1,,3
0000/08/26 13:53:52,uqiitam,50,https://qiita.com/uqiitam/items/c1622d84264032c1d17e,,3
0000/08/27 16:09:39,BCCE,6,https://qiita.com/BCCE/items/063957f317b6c7491c5b,aoiroCarbon,2
0000/08/27 22:42:43,griffin921,19,https://qiita.com/griffin921/items/a04de4a4b380091ddf15,griffin921,1
0000/08/28 05:58:37,jamjam,2,https://qiita.com/jamjam/items/4595629a8b5b2ca0254c,,2
0000/08/28 14:04:08,eigs,44,https://qiita.com/eigs/items/8c4bf743fc1319762607,michio_MWJ,3
0000/08/29 15:14:04,jamjam,1,https://qiita.com/jamjam/items/b44a46fd05c6f478cb3e,,2
0000/08/30 23:24:56,sanmojih,7,https://qiita.com/sanmojih/items/0bd8a326a6a022c4b615,,3
0000/08/30 23:51:10,sanmojih,5,https://qiita.com/sanmojih/items/e69b8dca4286e3aba5a4,,3
0000/08/31 03:07:03,hassiweb,22,https://qiita.com/hassiweb/items/907033618070958fb708,hassiweb,4
0000/08/31 06:45:29,eigs,11,https://qiita.com/eigs/items/dc23d3a5c0a2514fd312,michio_MWJ,2
0000/08/31 23:07:08,motorcontrolman,16,https://qiita.com/motorcontrolman/items/9a9f15772e56aa6d8c88,motorcontrolman,3
0000/09/01 21:18:57,tommyecguitar,3,https://qiita.com/tommyecguitar/items/9bfe842018a0dca3c040,,2
0000/09/01 22:09:00,macht,12,https://qiita.com/macht/items/357ad3201deb1683f010,,3
0000/09/02 00:40:43,backslash,10,https://qiita.com/backslash/items/181f6ad74570b1cdd7c0,,3
0000/09/02 01:13:35,nHounoki,34,https://qiita.com/nHounoki/items/00c11b080c6905dd4444,,3
0000/09/02 21:50:19,teruqii,8,https://qiita.com/teruqii/items/2b48cd1e618c25110f97,,3
0000/09/02 22:25:11,hibs_MATLAB_Amb,4,https://qiita.com/hibs_MATLAB_Amb/items/9cca51631526d7b77430,hibs_MATLAB_Amb,1
0000/09/02 23:36:19,konniee,10,https://qiita.com/konniee/items/9500d60ca38fd0db1d6e,,6
0000/09/03 07:26:55,eigs,8,https://qiita.com/eigs/items/4342676a1d453733d514,michio_MWJ,3
0000/09/03 07:35:14,eigs,6,https://qiita.com/eigs/items/b5123d35935948ed66d7,michio_MWJ,3
0000/09/03 21:58:47,motorcontrolman,31,https://qiita.com/motorcontrolman/items/566cba9346b92ae7f59e,motorcontrolman,3
0000/09/04 02:52:17,katsu1110,2,https://qiita.com/katsu1110/items/fc4e7b6bdd5986e8d0e6,kk1110tt,5
0000/09/04 09:46:11,tohruk,2,https://qiita.com/tohruk/items/34c5f05ac8c0d1eb4069,,2
0000/09/04 10:14:19,hibs_MATLAB_Amb,3,https://qiita.com/hibs_MATLAB_Amb/items/228f1fa20ec5367411e7,hibs_MATLAB_Amb,1
0000/09/04 11:13:39,SacredTubes,7,https://qiita.com/SacredTubes/items/cfef33aeb279f1df1cc3,,3
0000/09/04 11:21:35,mucunwuxian,13,https://qiita.com/mucunwuxian/items/a23305d54ffcd8dc0a06,,6
0000/09/04 18:17:13,kyntk,7,https://qiita.com/kyntk/items/78fabd60837753c1c1ce,kyntk_1128,4
0000/09/05 00:57:43,mucunwuxian,167,https://qiita.com/mucunwuxian/items/10cb0f014964446fa2a3,,6
0000/09/05 01:20:29,monya-nv,2,https://qiita.com/monya-nv/items/b6214d0e2ce16582e54f,,2
0000/09/06 15:50:39,Seiji_Tanaka,3,https://qiita.com/Seiji_Tanaka/items/cd70a8c8fa406a26f73b,garanamarine,4
0000/09/06 17:22:39,Seiji_Tanaka,2,https://qiita.com/Seiji_Tanaka/items/82fd01c82a22d09e6961,garanamarine,4
0000/09/06 17:44:16,Seiji_Tanaka,2,https://qiita.com/Seiji_Tanaka/items/4286395a708cc0a65cac,garanamarine,4
0000/09/06 19:20:30,Seiji_Tanaka,0,https://qiita.com/Seiji_Tanaka/items/9ccc6d3032b4874d206c,garanamarine,4
0000/09/06 19:52:16,Seiji_Tanaka,1,https://qiita.com/Seiji_Tanaka/items/0562e6bca12989ac1be6,garanamarine,4
0000/09/06 20:15:02,Seiji_Tanaka,1,https://qiita.com/Seiji_Tanaka/items/e51e38fb458febc526f5,garanamarine,4
0000/09/07 10:28:16,RyeWiskey,1,https://qiita.com/RyeWiskey/items/99ce3c79c0d3d8cb384b,,1
0000/09/07 14:57:28,makki_maki04,8,https://qiita.com/makki_maki04/items/2167e8279b9b163312e5,,3
0000/09/07 16:05:45,RyeWiskey,2,https://qiita.com/RyeWiskey/items/6a566776e44015a01a51,,1
0000/09/08 10:10:03,9W3R7Y,2,https://qiita.com/9W3R7Y/items/3125aec415acd83223e8,,1
0000/09/09 04:33:28,eigs,43,https://qiita.com/eigs/items/3def0ad104d2f2efed8a,michio_MWJ,3
0000/09/09 16:43:08,yamori813,3,https://qiita.com/yamori813/items/c2cb30fb48b216ab89e9,yamori813,3
0000/09/09 22:33:42,Monzo_N,31,https://qiita.com/Monzo_N/items/e7f81d0e9137ed8ec8a0,,3
0000/09/10 10:15:49,mizoe@github,2,https://qiita.com/mizoe@github/items/cd8a9f3738fd295a7e03,,4
0000/09/12 01:20:41,Shadowys,0,https://qiita.com/Shadowys/items/0190eeee811ceecdd457,,7
0000/09/13 15:21:04,teruqii,5,https://qiita.com/teruqii/items/5e3b78c4caaf2184b0ec,,3
0000/09/13 19:49:09,Fuminori_Souma,4,https://qiita.com/Fuminori_Souma/items/34c0007498243df178cb,,2
0000/09/13 21:33:02,Soonki,3,https://qiita.com/Soonki/items/7c2ad2a44b85ea79dcc3,,4
0000/09/14 05:54:49,eigs,11,https://qiita.com/eigs/items/d2c5d53298b2dc5197bf,michio_MWJ,2
0000/09/14 22:18:14,asahi4549,8,https://qiita.com/asahi4549/items/c63a00c3a8aefb659b9e,dT5UsUE0JTQFfXn,2
0000/09/14 23:22:15,motorcontrolman,21,https://qiita.com/motorcontrolman/items/a4866009422cee9f9619,motorcontrolman,3
0000/09/15 15:55:03,hamukun8686,97,https://qiita.com/hamukun8686/items/70c6cafa63a347fc5448,,6
0000/09/15 23:37:02,rysk-t,2,https://qiita.com/rysk-t/items/e29463ddb5ccd12ae93e,,7
0000/09/16 07:27:28,eigs,12,https://qiita.com/eigs/items/4182fcd9b5da748ef77e,michio_MWJ,3
0000/09/16 10:54:30,rysk-t,1,https://qiita.com/rysk-t/items/86edd468a74ea9884ae7,,2
0000/09/16 12:04:18,Fuminori_Souma,18,https://qiita.com/Fuminori_Souma/items/847566b80c47ae7766c1,,3
0000/09/16 23:09:31,Tastuya,8,https://qiita.com/Tastuya/items/0ce52ddb845b074784f5,,3
0000/09/17 21:52:34,MusicScience37,9,https://qiita.com/MusicScience37/items/326559c4de903ab35f04,,4
0000/09/18 20:32:30,HSND,3,https://qiita.com/HSND/items/a907446807f815382cd6,,3
0000/09/18 21:34:52,hibs_MATLAB_Amb,3,https://qiita.com/hibs_MATLAB_Amb/items/04009f25b98a18017bba,hibs_MATLAB_Amb,1
0000/09/18 22:34:01,motorcontrolman,9,https://qiita.com/motorcontrolman/items/e1219233baeb2b14ffbe,motorcontrolman,3
0000/09/19 15:45:06,mizoe@github,1,https://qiita.com/mizoe@github/items/37e0f522b25b5e0e2acc,,4
0000/09/21 10:04:33,asahi4549,6,https://qiita.com/asahi4549/items/6d9cffb5d0219ea21e48,dT5UsUE0JTQFfXn,2
0000/09/21 13:23:31,fumiya_sato,38,https://qiita.com/fumiya_sato/items/dc6c37d4e620b514a1a4,fumiya_sato,5
0000/09/23 02:32:34,eigs,11,https://qiita.com/eigs/items/96697bd372cd45508ff1,michio_MWJ,3
0000/09/23 15:18:57,jamjam,0,https://qiita.com/jamjam/items/cc03d4a78b8be0c6da4b,,2
0000/09/23 23:26:17,kenichi-hamaguchi,4,https://qiita.com/kenichi-hamaguchi/items/515a6efa492f0493df42,,4
0000/09/25 17:46:32,jellied_unagi,2,https://qiita.com/jellied_unagi/items/ae8234a896397bfe7d70,jellied_unagi,10
0000/09/27 18:37:11,uqiitam,9,https://qiita.com/uqiitam/items/6427f48b36b79c4643dd,,3
0000/09/28 15:40:49,chiinv,4,https://qiita.com/chiinv/items/121fbd56bb78a952132b,,6
0000/09/29 20:00:33,YutaNakamura_bbhomejp,8,https://qiita.com/YutaNakamura_bbhomejp/items/4ce1c26d3ba4a2018e5a,bbhomejp,2
0000/09/30 09:57:38,eigs,6,https://qiita.com/eigs/items/3dc064bb52e2de86727f,michio_MWJ,3
0000/09/30 13:12:55,fumiya_sato,60,https://qiita.com/fumiya_sato/items/f33ff2152686a648f2bb,fumiya_sato,5
0000/09/30 17:53:28,motorcontrolman,58,https://qiita.com/motorcontrolman/items/b64ae73a4ab31a202410,motorcontrolman,3
0000/10/01 15:52:48,4Ui_iUrz1,6,https://qiita.com/4Ui_iUrz1/items/d03b3923a3b92486b810,,6
0000/10/01 21:26:16,motorcontrolman,174,https://qiita.com/motorcontrolman/items/eb94de32dcc99c3b7376,motorcontrolman,3
0000/10/01 21:39:47,crinoid,1,https://qiita.com/crinoid/items/f4a29f6153bc7c18ca10,crinoid15,3
0000/10/02 17:32:25,mizunototori,4,https://qiita.com/mizunototori/items/54a24bbb94edafa2a14d,,6
0000/10/03 11:05:53,suudon0014,35,https://qiita.com/suudon0014/items/9990644853b363145d2e,suudon0014,3
0000/10/03 17:38:25,YoN20000118,1,https://qiita.com/YoN20000118/items/6fd323f6ac7ec1404a3e,YoN20000118,1
0000/10/03 19:43:08,tommyecguitar,87,https://qiita.com/tommyecguitar/items/010b1ef05c530b1284cb,,2
0000/10/04 11:26:50,asahi4549,8,https://qiita.com/asahi4549/items/0fd92eb94a0e78f51e14,dT5UsUE0JTQFfXn,2
0000/10/05 01:20:15,Fuminori_Souma,10,https://qiita.com/Fuminori_Souma/items/75ab882aa5c16e1fbdf1,,3
0000/10/05 07:49:04,crinoid,8,https://qiita.com/crinoid/items/33c7ac8d25ea0202ec68,crinoid15,3
0000/10/05 19:51:54,chiinv,1,https://qiita.com/chiinv/items/dedc08006869444663d6,,6
0000/10/06 09:09:09,crinoid,3,https://qiita.com/crinoid/items/55a910cea0b805e96c05,crinoid15,3
0000/10/07 00:08:00,ossyaritoori,2,https://qiita.com/ossyaritoori/items/fbf54c5d658612f6cc7b,ossyaritoori,3
0000/10/07 00:58:04,sacomy,8,https://qiita.com/sacomy/items/e5f3bc7aa601b557d013,sacomy_,3
0000/10/07 04:39:57,eigs,10,https://qiita.com/eigs/items/b2ba207c923efb490f36,michio_MWJ,3
0000/10/07 09:06:08,mnagahara,66,https://qiita.com/mnagahara/items/183899ec334247ec7af6,,5
0000/10/07 09:27:04,si-tora,4,https://qiita.com/si-tora/items/26f5cbbeee4b588120d8,take00maru,1
0000/10/07 16:12:32,crinoid,2,https://qiita.com/crinoid/items/28e94192f54ed02c96e0,crinoid15,3
0000/10/08 21:05:34,tommyecguitar,7,https://qiita.com/tommyecguitar/items/92725184bafc88733e59,,2
0000/10/08 22:53:14,nanan,1,https://qiita.com/nanan/items/7466c1ce65a7e3644cc0,,5
0000/10/09 09:13:41,shun-kusano,17,https://qiita.com/shun-kusano/items/d3733f4255450b948d2f,,1
0000/10/10 09:09:41,yamori813,1,https://qiita.com/yamori813/items/9d897719cc7754597d31,yamori813,3
0000/10/11 18:51:35,a_miyazaki,6,https://qiita.com/a_miyazaki/items/3a427112f82bbc449956,,1
0000/10/11 23:24:23,dokagui_tairan,4,https://qiita.com/dokagui_tairan/items/f9978c40c3366bd77308,dokagui_tairan,2
0000/10/12 01:17:39,t--shin,39,https://qiita.com/t--shin/items/9117139f64243bd8e1ae,,2
0000/10/12 07:05:26,lxacas,27,https://qiita.com/lxacas/items/7af052ff38fa6a4c5435,lxacas,2
0000/10/12 11:34:04,nakaziki,3,https://qiita.com/nakaziki/items/ded35e2a802a748dde65,,3
0000/10/12 15:51:49,AraNeco,3,https://qiita.com/AraNeco/items/981fc081194ff9d5d9a3,,4
0000/10/12 18:09:58,skkzsh,1,https://qiita.com/skkzsh/items/b38ee0bac7391f212c74,,10
0000/10/13 10:47:43,macht,32,https://qiita.com/macht/items/0ef929e24b2faa402f50,,2
0000/10/13 16:38:47,mu-777,0,https://qiita.com/mu-777/items/4cff28d5c8c08614abc9,777_mumumu,7
0000/10/13 18:51:23,a_miyazaki,2,https://qiita.com/a_miyazaki/items/4f8a26e070638484198a,,1
0000/10/13 23:45:04,madaikiteruyo,0,https://qiita.com/madaikiteruyo/items/e1c9e2115bc746e56af7,,3
0000/10/14 16:10:24,eigs,6,https://qiita.com/eigs/items/bfba81f1d3e2d7690c58,michio_MWJ,3
0000/10/14 16:57:07,eigs,67,https://qiita.com/eigs/items/6d10a98faac0e01a0856,michio_MWJ,2
0000/10/14 19:10:43,jamjam,1,https://qiita.com/jamjam/items/2cd6e48db34b4e5890c7,,2
0000/10/14 20:48:48,rysk-t,2,https://qiita.com/rysk-t/items/a0281ed80db999575dd3,,6
0000/10/14 21:38:07,Monzo_N,3,https://qiita.com/Monzo_N/items/66eb946e15d9c91f7ccf,,3
0000/10/15 00:07:02,motorcontrolman,19,https://qiita.com/motorcontrolman/items/87759ae27ef67e7d83e4,motorcontrolman,4
0000/10/15 15:27:42,Seiji_Tanaka,1,https://qiita.com/Seiji_Tanaka/items/b50ce77c06b0c3a7aacc,garanamarine,4
0000/10/15 15:34:03,Seiji_Tanaka,0,https://qiita.com/Seiji_Tanaka/items/f8958c6d2f4b4780de5b,garanamarine,4
0000/10/15 15:37:10,Seiji_Tanaka,0,https://qiita.com/Seiji_Tanaka/items/add956f5a692bc18cf65,garanamarine,4
0000/10/15 15:39:36,Seiji_Tanaka,0,https://qiita.com/Seiji_Tanaka/items/2a3c822bdfea6dcf5412,garanamarine,4
0000/10/15 15:43:14,Seiji_Tanaka,1,https://qiita.com/Seiji_Tanaka/items/f033e56b54e596637bfa,garanamarine,4
0000/10/15 21:59:28,dokagui_tairan,2,https://qiita.com/dokagui_tairan/items/e226004f24ab613388aa,dokagui_tairan,2
0000/10/17 00:51:26,kaito_111,2,https://qiita.com/kaito_111/items/ea9241fcb8c784429df1,Kaito14123925,1
0000/10/17 16:28:18,umi_mori,1,https://qiita.com/umi_mori/items/9263b158b1d603d4e44b,umi_mori_jp,2
0000/10/17 16:38:35,asahi4549,4,https://qiita.com/asahi4549/items/eafe780178411bc2dd21,dT5UsUE0JTQFfXn,2
0000/10/17 19:46:43,h583,23,https://qiita.com/h583/items/92e40b1d0c7e6846984c,,2
0000/10/18 10:25:33,si-tora,1,https://qiita.com/si-tora/items/2d45631d9c7bdf78a7d9,take00maru,1
0000/10/18 13:52:40,hayato1130,0,https://qiita.com/hayato1130/items/f6b7711bcbbdfc145160,h_sato0311,3
0000/10/18 17:40:23,teruqii,16,https://qiita.com/teruqii/items/78545f5b776f085e574e,,3
0000/10/19 07:51:42,jamjam,5,https://qiita.com/jamjam/items/02101b2d177e10d210a6,,2
0000/10/19 13:50:31,rysk-t,3,https://qiita.com/rysk-t/items/e935b0795d72e87c5d54,,5
0000/10/19 17:21:38,mtaguchi,12,https://qiita.com/mtaguchi/items/77f2bf749054edbab692,,2
0000/10/19 20:58:14,m11o,2,https://qiita.com/m11o/items/6fac9fa54a85582e39c8,tontonz1116,1
0000/10/20 00:47:57,nakaziki,5,https://qiita.com/nakaziki/items/9b5b590484466d8ffbda,,3
0000/10/20 16:35:32,rysk-t,0,https://qiita.com/rysk-t/items/7e95160388f15a867c2b,,8
0000/10/20 19:37:26,yosakabe,2,https://qiita.com/yosakabe/items/5de4dd87c5bfe20e482c,osaKB,7
0000/10/20 20:27:20,yosakabe,10,https://qiita.com/yosakabe/items/40fd35071819f4290ad3,osaKB,7
0000/10/20 21:49:10,h583,22,https://qiita.com/h583/items/95a1a7e91212b190e49e,,2
0000/10/21 00:47:22,Manao,39,https://qiita.com/Manao/items/ed383a30bbe0c7b9534a,,3
0000/10/21 03:24:50,eigs,8,https://qiita.com/eigs/items/26279a79319992ac123d,michio_MWJ,3
0000/10/21 09:15:04,mnagahara,14,https://qiita.com/mnagahara/items/2da9328d2131bfb52f79,,5
0000/10/21 09:40:55,crinoid,7,https://qiita.com/crinoid/items/9b6c81ff7357aa1a4336,crinoid15,3
0000/10/22 10:25:02,jamjam,6,https://qiita.com/jamjam/items/cf33d388ce95c714bd5b,,2
0000/10/22 17:07:25,white_fox_byacko,2,https://qiita.com/white_fox_byacko/items/719726e0efef4bf22eeb,YuKo26065784,2
0000/10/22 21:16:22,sshojiro,5,https://qiita.com/sshojiro/items/45934c4a0f795dd98b0c,sshojiro_jp,7
0000/10/23 02:54:46,kaito_111,2,https://qiita.com/kaito_111/items/6ae28ee1b137183f8696,Kaito14123925,1
0000/10/24 01:27:57,ossyaritoori,7,https://qiita.com/ossyaritoori/items/565b46ef7d29be2a0567,ossyaritoori,4
0000/10/24 05:15:07,AraNeco,6,https://qiita.com/AraNeco/items/ced4516d41876cdadd4c,,4
0000/10/24 11:34:38,txmy,2,https://qiita.com/txmy/items/196914e2673856875918,txmy,5
0000/10/24 12:31:39,kossyprg,6,https://qiita.com/kossyprg/items/bc03e20e97714954cc6f,,1
0000/10/24 19:06:32,yoshihiro1909,1,https://qiita.com/yoshihiro1909/items/6e0e489ba2177b5b765b,,3
0000/10/25 17:48:15,tommyecguitar,10,https://qiita.com/tommyecguitar/items/04bf6cbeafbdf93c9e2b,,2
0000/10/25 22:16:22,yu4u,20,https://qiita.com/yu4u/items/932e0e7168244308fe37,yu4u,6
0000/10/26 14:55:20,griffin921,19,https://qiita.com/griffin921/items/72bca3678ff387445ac0,griffin921,2
0000/10/26 15:00:49,rysk-t,0,https://qiita.com/rysk-t/items/2aa13f0d89b8e7109175,,5
0000/10/26 16:51:50,q_tarou,3,https://qiita.com/q_tarou/items/e9056440216f4bcfd3f0,q_tarou,11
0000/10/26 22:10:43,mtaguchi,18,https://qiita.com/mtaguchi/items/126a91ae483506c437da,,2
0000/10/27 18:25:15,keith_campbell,14,https://qiita.com/keith_campbell/items/59ed2e168c785390cc62,,4
0000/10/28 01:41:48,eigs,7,https://qiita.com/eigs/items/412cd57f0cf5aa5ac5ae,michio_MWJ,3
0000/10/29 00:46:39,mnagahara,11,https://qiita.com/mnagahara/items/7ec3c6f9995b3d01a023,,5
0000/10/31 16:14:16,aoimidori,5,https://qiita.com/aoimidori/items/17274ded0e55e07bbd53,,3
0000/10/31 16:15:44,aoimidori,9,https://qiita.com/aoimidori/items/41e84741b8f1e15eafef,,3
0000/10/31 18:54:27,jamjam,1,https://qiita.com/jamjam/items/97fa1777a580b829fbd3,,2
0000/10/31 20:07:51,motorcontrolman,12,https://qiita.com/motorcontrolman/items/f8059582c102dcc6b407,motorcontrolman,4
0000/11/01 16:40:58,nebutalab,0,https://qiita.com/nebutalab/items/7115dbb5a8a95d1c43ea,nebutalab,7
0000/11/02 14:13:39,sshojiro,23,https://qiita.com/sshojiro/items/6e837d3bfef493ea11b0,sshojiro_jp,8
0000/11/03 16:45:50,sshojiro,8,https://qiita.com/sshojiro/items/637fdfcc3043962e0536,sshojiro_jp,8
0000/11/04 03:34:05,eigs,8,https://qiita.com/eigs/items/68cdcec7b8d56a5b440f,michio_MWJ,3
0000/11/04 07:14:43,eigs,13,https://qiita.com/eigs/items/534724b58ce37c733d7c,michio_MWJ,2
0000/11/04 14:42:13,a28tokunaga,5,https://qiita.com/a28tokunaga/items/9f322c5675feea9f1500,,2
0000/11/04 21:12:13,gamonoss,13,https://qiita.com/gamonoss/items/ebd62ad3ba6dc5315bb7,,1
0000/11/05 05:32:45,tobira-code,44,https://qiita.com/tobira-code/items/7cc278da4e93555e9484,,7
0000/11/05 15:39:32,rysk-t,1,https://qiita.com/rysk-t/items/7bcfb2392e7145b84774,,5
0000/11/05 18:04:54,konakalab,18,https://qiita.com/konakalab/items/2c6d0b627264f8f97e59,konakalab,2
0000/11/05 18:34:23,17ec084,4,https://qiita.com/17ec084/items/17285c00d5dd785ce402,,2
0000/11/06 01:58:32,eigs,441,https://qiita.com/eigs/items/967ed54c0520beb3f775,michio_MWJ,3
0000/11/06 22:44:59,wcrvt,49,https://qiita.com/wcrvt/items/e198ad9ead4a8bf80af4,_wcrvt,3
0000/11/07 17:43:24,HYCE,69,https://qiita.com/HYCE/items/102b2d58218271cc61eb,,2
0000/11/08 01:15:23,griffin921,20,https://qiita.com/griffin921/items/06aa4788a855c91ae494,griffin921,3
0000/11/08 01:56:19,backslash,25,https://qiita.com/backslash/items/77fe597239c307b73c2f,,2
0000/11/08 12:40:22,7of9,0,https://qiita.com/7of9/items/8aa2fcc865fa63c31dd5,,5
0000/11/08 13:58:41,rysk-t,0,https://qiita.com/rysk-t/items/297e8c2c1dedd7f81eb9,,9
0000/11/08 17:38:23,GovernorGuy,32,https://qiita.com/GovernorGuy/items/08245a2003add953db05,,2
0000/11/08 18:33:17,stozaki,15,https://qiita.com/stozaki/items/5b2da63054ff1b25db51,,2
0000/11/08 22:13:47,macht,28,https://qiita.com/macht/items/5445d0d930b1e20b4ee5,,2
0000/11/09 01:28:35,Kunjyaa,4,https://qiita.com/Kunjyaa/items/cd0d681dad2cf3f4b38c,,1
0000/11/09 09:47:22,mopp,3,https://qiita.com/mopp/items/6125e448156dbbff2268,,7
0000/11/09 11:12:12,yhashimov,0,https://qiita.com/yhashimov/items/853f6e2d370364b5b831,yhashimov,1
0000/11/09 17:43:48,p_panther,19,https://qiita.com/p_panther/items/1f20460a88aad2850674,taq_fk,4
0000/11/09 22:45:08,tommyecguitar,29,https://qiita.com/tommyecguitar/items/79de16cd3474bb699235,,3
0000/11/10 01:46:35,konakalab,5,https://qiita.com/konakalab/items/9f6d6dec55ca78c552f4,konakalab,2
0000/11/10 16:58:12,fumits,2,https://qiita.com/fumits/items/7b5d688151c8ab1ed7e4,,1
0000/11/10 17:08:11,sshojiro,75,https://qiita.com/sshojiro/items/bd2ce703e605ffc9451e,sshojiro_jp,6
0000/11/11 01:50:34,MatrixVectorScalar,67,https://qiita.com/MatrixVectorScalar/items/718cd7e7c0764088917b,Yoshio_MWJ,3
0000/11/11 04:49:43,eigs,12,https://qiita.com/eigs/items/403baeb4205b185ef638,michio_MWJ,3
0000/11/11 07:50:47,7of9,0,https://qiita.com/7of9/items/c884e727bf7ec7dc983b,,5
0000/11/11 08:10:25,7of9,0,https://qiita.com/7of9/items/131af4bbe54fc619478c,,5
0000/11/11 09:11:09,7of9,5,https://qiita.com/7of9/items/1ecbe50228c2580a7220,,5
0000/11/11 09:15:21,7of9,2,https://qiita.com/7of9/items/dfb2853a0b6bc468cef3,,5
0000/11/11 09:36:56,7of9,0,https://qiita.com/7of9/items/ef8ebbe8839c852dd58a,,5
0000/11/11 09:46:53,7of9,0,https://qiita.com/7of9/items/2c0d30a618efcdeabb0f,,5
0000/11/11 10:46:09,7of9,0,https://qiita.com/7of9/items/0d8490c453bedfae3023,,5
0000/11/11 11:21:00,7of9,0,https://qiita.com/7of9/items/4ae506d1ad92b5f51d81,,5
0000/11/11 12:24:35,sshojiro,1,https://qiita.com/sshojiro/items/2062620ad2a08a9bdfb5,sshojiro_jp,8
0000/11/12 07:40:04,7of9,0,https://qiita.com/7of9/items/7165a915d5061f791607,,5
0000/11/12 08:19:33,7of9,0,https://qiita.com/7of9/items/5d7008d974d256fd5da3,,5
0000/11/12 08:51:38,7of9,0,https://qiita.com/7of9/items/40c40b2c789c7e845bbb,,5
0000/11/12 09:29:29,7of9,0,https://qiita.com/7of9/items/9d09ea84094309151f38,,5
0000/11/12 10:00:28,7of9,0,https://qiita.com/7of9/items/040272752327456a2988,,5
0000/11/13 17:35:51,aoimidori,9,https://qiita.com/aoimidori/items/a8769100068e6e7f973b,,3
0000/11/13 20:42:26,SacredTubes,2,https://qiita.com/SacredTubes/items/fc81370cdb217bcfc630,,3
0000/11/14 08:15:15,7of9,0,https://qiita.com/7of9/items/9302364a41f4c1521737,,5
0000/11/14 08:23:11,7of9,1,https://qiita.com/7of9/items/3226c7f31bbd5caf931e,,5
0000/11/14 08:35:45,7of9,0,https://qiita.com/7of9/items/2e66b6eeb44ae91be643,,5
0000/11/14 09:55:43,q_tarou,5,https://qiita.com/q_tarou/items/9ea7a4d5e822a8d9ca83,q_tarou,11
0000/11/14 18:32:32,macht,27,https://qiita.com/macht/items/5879ceac224468ebdb31,,1
0000/11/14 21:21:33,HYCE,5,https://qiita.com/HYCE/items/8efb0d82dfa6e5492567,,1
0000/11/14 23:34:04,optimisuke,1,https://qiita.com/optimisuke/items/467eb9e73fe551b0e23b,optimisuke,4
0000/11/15 00:10:02,cafe_on_the,0,https://qiita.com/cafe_on_the/items/225dd43817fc5b6c3591,cafe_on_the,1
0000/11/15 00:56:57,Kunjyaa,3,https://qiita.com/Kunjyaa/items/39a559044bfc4f488569,,1
0000/11/15 07:52:09,backslash,22,https://qiita.com/backslash/items/58647d6ba1fa0773ae9c,,3
0000/11/15 08:15:50,7of9,0,https://qiita.com/7of9/items/1c3136e280ebd76d6415,,5
0000/11/15 08:28:20,7of9,0,https://qiita.com/7of9/items/488a40ceefba41ef1960,,5
0000/11/15 08:32:32,7of9,1,https://qiita.com/7of9/items/f13e623a16edc5f01109,,5
0000/11/15 10:39:24,tommyecguitar,20,https://qiita.com/tommyecguitar/items/c7f1049b308411dbd6d3,,2
0000/11/15 22:19:00,StrawBerryMoon,0,https://qiita.com/StrawBerryMoon/items/3d08abbbccc37f6704de,,1
0000/11/16 08:23:28,7of9,0,https://qiita.com/7of9/items/6a682b4efcba6a318a64,,5
0000/11/16 08:28:27,7of9,0,https://qiita.com/7of9/items/484c3fe3ce8e41f0f1ca,,5
0000/11/17 07:25:40,7of9,0,https://qiita.com/7of9/items/b3cad8affdcd386e1760,,5
0000/11/17 08:24:10,7of9,0,https://qiita.com/7of9/items/adaae2f49ff0be7d04e7,,5
0000/11/17 11:02:22,aoimidori,5,https://qiita.com/aoimidori/items/151cc0a301b938c5bc0f,,3
0000/11/17 17:40:01,ruteshi_SI_shiteru,3,https://qiita.com/ruteshi_SI_shiteru/items/61c78255baeb33979bcf,hrimfaxi_tpw,7
0000/11/17 23:16:05,StrawBerryMoon,1,https://qiita.com/StrawBerryMoon/items/0fd0d48df64c8869cd9a,,1
0000/11/17 23:55:25,tulipberry0706,0,https://qiita.com/tulipberry0706/items/50a0fe4fd185b2c9b7f1,,5
0000/11/18 04:51:57,eigs,10,https://qiita.com/eigs/items/f6a73f8f38d043b3b3bc,michio_MWJ,3
0000/11/18 07:51:11,7of9,0,https://qiita.com/7of9/items/a3d9f4fd8375ae5de427,,5
0000/11/18 08:10:13,7of9,1,https://qiita.com/7of9/items/d0adfb66441ddda4d849,,5
0000/11/18 08:49:12,7of9,0,https://qiita.com/7of9/items/27de9582e19bb55c751b,,5
0000/11/18 10:27:24,sshojiro,4,https://qiita.com/sshojiro/items/83bcb58e6107fa2e4252,sshojiro_jp,8
0000/11/18 11:03:14,7of9,0,https://qiita.com/7of9/items/cba78f7600e42355846a,,5
0000/11/18 13:12:36,ketaro-m,6,https://qiita.com/ketaro-m/items/108a5244068ef12e6fcb,keitaro_mrkm,3
0000/11/19 02:27:06,MatrixVectorScalar,8,https://qiita.com/MatrixVectorScalar/items/ef846a5cdf2f30af014f,Yoshio_MWJ,3
0000/11/19 07:58:01,7of9,1,https://qiita.com/7of9/items/8c865e265c3b345edb0f,,5
0000/11/19 08:54:09,7of9,0,https://qiita.com/7of9/items/473411edf36571fb309f,,5
0000/11/19 09:22:55,7of9,0,https://qiita.com/7of9/items/c116857c97e8eb6ec030,,5
0000/11/19 10:22:55,7of9,0,https://qiita.com/7of9/items/c84380ae4bbcaf1b3eb0,,5
0000/11/19 10:56:38,7of9,0,https://qiita.com/7of9/items/6fabc4c22cd245b90856,,5
0000/11/19 11:12:49,7of9,0,https://qiita.com/7of9/items/1966e152474e6fbf974f,,5
0000/11/19 11:43:03,7of9,0,https://qiita.com/7of9/items/080cb56f48fd14815331,,5
0000/11/19 17:14:28,ketaro-m,8,https://qiita.com/ketaro-m/items/f6d6eb8175f1c845839e,keitaro_mrkm,3
0000/11/19 22:08:23,mana_544,25,https://qiita.com/mana_544/items/940bcc76c395e7863bda,mana_544,2
0000/11/19 22:17:22,kaizen_nagoya,1,https://qiita.com/kaizen_nagoya/items/f036a5899e4ea50d6ecd,kaizen_nagoya,1
0000/11/20 15:28:59,tommyecguitar,12,https://qiita.com/tommyecguitar/items/e268b012adea814beda1,,1
0000/11/20 16:13:01,griffin921,12,https://qiita.com/griffin921/items/fa510ed2fb2b22e63788,griffin921,1
0000/11/20 17:39:08,ossyaritoori,0,https://qiita.com/ossyaritoori/items/1d8daf4fa062a69d7069,ossyaritoori,4
0000/11/21 03:28:35,katsu1110,59,https://qiita.com/katsu1110/items/6a6d5c5a6b8af8fbf813,kk1110tt,6
0000/11/21 07:24:14,7of9,0,https://qiita.com/7of9/items/f047ef40b87644adc63f,,5
0000/11/21 09:30:23,aoimidori,5,https://qiita.com/aoimidori/items/2bf2fad5cd188cd6227c,,3
0000/11/21 12:50:13,7of9,0,https://qiita.com/7of9/items/70d53cfcf0e83a0b7334,,5
0000/11/21 19:18:39,birdwatcher,6,https://qiita.com/birdwatcher/items/b768b9b39c74def77cd2,birdwatcherYT,4
0000/11/22 07:00:17,7of9,0,https://qiita.com/7of9/items/576a09190a70be1ab32a,,5
0000/11/22 07:51:01,macht,11,https://qiita.com/macht/items/70fce000bf622bf1ff29,,1
0000/11/22 10:08:09,jamjam,1,https://qiita.com/jamjam/items/8a1ba500f073658e23ef,,1
0000/11/22 11:32:32,KattsuA,18,https://qiita.com/KattsuA/items/f5a4b678613089d6e90d,,2
0000/11/22 14:04:39,griffin921,24,https://qiita.com/griffin921/items/48d14854dd409e06b2d8,griffin921,2
0000/11/22 14:37:33,UJinc,5,https://qiita.com/UJinc/items/42d907f101a922f43e2b,,6
0000/11/22 15:35:36,UJinc,1,https://qiita.com/UJinc/items/7b5f41fb7598a032982c,,6
0000/11/23 03:27:41,aoimidori,8,https://qiita.com/aoimidori/items/22f62879836c358f2bf1,,3
0000/11/23 07:46:27,7of9,0,https://qiita.com/7of9/items/d728d4cb4b8daece63f4,,5
0000/11/23 13:07:38,bunnyhopper_isolated,6,https://qiita.com/bunnyhopper_isolated/items/09ab551fdeadfdcf5920,,2
0000/11/23 14:40:40,bunnyhopper_isolated,2,https://qiita.com/bunnyhopper_isolated/items/d6bb12063dfc29cc2355,,2
0000/11/23 20:50:52,tomoshi0809,4,https://qiita.com/tomoshi0809/items/39a0381fd762fb4627c4,Keita_Nishimoto,3
0000/11/23 21:07:29,HppyCtrlEngnrng,42,https://qiita.com/HppyCtrlEngnrng/items/b66503df98792c469c3b,HppyCtrlEngnrng,2
0000/11/23 23:07:21,motorcontrolman,47,https://qiita.com/motorcontrolman/items/291955cbc3fb1c7e4d43,motorcontrolman,3
0000/11/24 07:28:20,7of9,1,https://qiita.com/7of9/items/8116a12880f41314e279,,5
0000/11/24 12:39:43,7of9,0,https://qiita.com/7of9/items/9a43f4fb1a3b8d9b2b92,,5
0000/11/24 13:29:13,UT_MATLAB_Amb,18,https://qiita.com/UT_MATLAB_Amb/items/c210bbacf4a0809a8d79,UT_MATLAB_Amb,2
0000/11/24 19:30:35,griffin921,10,https://qiita.com/griffin921/items/dc0bed73f0b18d00c809,griffin921,1
0000/11/25 04:40:57,n_chiba_,1,https://qiita.com/n_chiba_/items/d70fbeb18085fd982a81,n_chiba_,6
0000/11/25 05:21:11,eigs,112,https://qiita.com/eigs/items/8ae0970afe188a1124d1,michio_MWJ,3
0000/11/25 05:57:07,griffin921,13,https://qiita.com/griffin921/items/1d5f7374d9626c217986,griffin921,1
0000/11/25 08:05:33,7of9,0,https://qiita.com/7of9/items/493d0798b366e2f90577,,5
0000/11/25 08:29:38,griffin921,10,https://qiita.com/griffin921/items/a4aa154b95148f2c72f3,griffin921,1
0000/11/25 09:45:33,7of9,0,https://qiita.com/7of9/items/06ae2c3893b22a42a6ae,,5
0000/11/25 10:41:13,7of9,0,https://qiita.com/7of9/items/28bcfaba3ec26b55332c,,5
0000/11/25 15:57:49,UJinc,3,https://qiita.com/UJinc/items/3b8c2504f4d7e6160136,,6
0000/11/25 18:54:09,teruqii,37,https://qiita.com/teruqii/items/0abb8f2bad841b6a0272,,3
0000/11/25 21:26:24,Monzo_N,15,https://qiita.com/Monzo_N/items/151e66d534d7ed6dc795,,2
0000/11/26 07:46:24,eigs,20,https://qiita.com/eigs/items/85c9b6d2899a08f0813e,michio_MWJ,1
0000/11/26 09:33:05,7of9,1,https://qiita.com/7of9/items/d7d3c810b9ffdef52585,,5
0000/11/26 10:51:33,7of9,1,https://qiita.com/7of9/items/af4827dc6c56366f6112,,5
0000/11/26 11:01:38,7of9,1,https://qiita.com/7of9/items/01e9dc011193e24caa0d,,5
0000/11/26 12:40:34,q_tarou,1,https://qiita.com/q_tarou/items/55141adb958054aa0ad9,q_tarou,11
0000/11/26 14:40:02,UJinc,1,https://qiita.com/UJinc/items/9763b364475f1bb6cd68,,6
0000/11/26 15:08:05,SacredTubes,9,https://qiita.com/SacredTubes/items/8ac3ba4eee3d3e4ebbc2,,2
0000/11/26 15:08:44,SacredTubes,17,https://qiita.com/SacredTubes/items/b7f7db6e521852a21d8a,,2
0000/11/26 18:04:05,UJinc,0,https://qiita.com/UJinc/items/ca1353b874c120ec14ff,,6
0000/11/27 16:34:41,shun-kusano,5,https://qiita.com/shun-kusano/items/80ab485a709d649f1a03,,2
0000/11/27 17:32:42,shun-kusano,2,https://qiita.com/shun-kusano/items/896ea4fca47ba2a45d9a,,2
0000/11/28 14:28:30,17ec084,5,https://qiita.com/17ec084/items/1b97e5544d116ded93fe,,3
0000/11/28 15:54:58,HYCE,11,https://qiita.com/HYCE/items/29e490ab7a9706c2e2e4,,1
0000/11/28 16:06:50,aya-chan,8,https://qiita.com/aya-chan/items/f1e2f746531a3393c5e6,,4
0000/11/28 21:52:14,motorcontrolman,21,https://qiita.com/motorcontrolman/items/3cbaeeed58c24642446c,motorcontrolman,2
0000/11/28 22:02:33,C2_now,6,https://qiita.com/C2_now/items/f296e1d0fd9642727549,C2_now,2
0000/11/29 13:35:40,ioComk,20,https://qiita.com/ioComk/items/6847da0c9d432c7b923f,ioComk,3
0000/11/29 18:16:43,iyselee07,15,https://qiita.com/iyselee07/items/234e7dd362031222f5bf,iyselee07,3
0000/11/29 22:03:03,chiinv,1,https://qiita.com/chiinv/items/6a8b772eaadf9566573a,,6
0000/11/29 23:54:30,motorcontrolman,15,https://qiita.com/motorcontrolman/items/756f175c0675f564790f,motorcontrolman,1
0000/11/30 01:31:45,ryunryunryun,8,https://qiita.com/ryunryunryun/items/772be436fb43bb4a2abf,ryunryunryun_,5
0000/11/30 12:04:18,tomoyakamimura,5,https://qiita.com/tomoyakamimura/items/879fe7774e76268aee09,,2
0000/11/30 14:07:53,C2_now,8,https://qiita.com/C2_now/items/f9cf6ee5aa26592d72ab,C2_now,2
0000/11/30 15:34:13,ryo_hagiwara,1,https://qiita.com/ryo_hagiwara/items/7595b8c41f7e771c1d6e,,1
0000/11/30 18:10:43,backslash,12,https://qiita.com/backslash/items/cb498ed540a4a96c016a,,1
0000/11/30 20:32:04,jellied_unagi,0,https://qiita.com/jellied_unagi/items/1a2233290d5cbbd06b68,jellied_unagi,10
0000/11/30 20:32:40,aoimidori,11,https://qiita.com/aoimidori/items/ef3c83d1bce526f9d631,,3
0000/11/30 22:15:43,motorcontrolman,42,https://qiita.com/motorcontrolman/items/587b532f7a493dfb591f,motorcontrolman,3
0000/11/30 22:19:47,shinji00q,7,https://qiita.com/shinji00q/items/74ce4042f7324f325732,shinjimp3,1
0000/12/01 00:04:21,ceptree,201,https://qiita.com/ceptree/items/5fb5e9e6f29d214153c9,,5
0000/12/01 20:53:37,jamjam,1,https://qiita.com/jamjam/items/fb78c0d916c3b4e121c7,,1
0000/12/01 22:20:15,motorcontrolman,10,https://qiita.com/motorcontrolman/items/e2995c66278e219bed99,motorcontrolman,3
0000/12/02 02:48:11,yoneken,6,https://qiita.com/yoneken/items/7125ff80aa81a01a8615,k_yone,7
0000/12/02 12:46:07,jamjam,2,https://qiita.com/jamjam/items/ff49f403f262f0edbfbc,,1
0000/12/02 14:59:50,rkn,6,https://qiita.com/rkn/items/ee78f0b6703300f9a63b,,4
0000/12/02 16:42:27,shun-kusano,5,https://qiita.com/shun-kusano/items/db16fe43511b519995b9,,2
0000/12/02 19:00:37,rtl_modeler,8,https://qiita.com/rtl_modeler/items/05d020b6ad6e9c0c006c,,1
0000/12/02 19:11:24,griffin921,11,https://qiita.com/griffin921/items/f6a4869e214f913764b6,griffin921,1
0000/12/03 06:59:44,eigs,21,https://qiita.com/eigs/items/9ed36b5fc2913110e940,michio_MWJ,3
0000/12/03 07:24:24,7of9,0,https://qiita.com/7of9/items/33f1b636f9bfd6b10f8d,,5
0000/12/03 07:47:27,7of9,0,https://qiita.com/7of9/items/cd8ab9cf22510cd5a2fc,,5
0000/12/03 08:34:47,7of9,0,https://qiita.com/7of9/items/f6c0d1d0f912bec090cc,,5
0000/12/03 14:09:03,nonbiri15,8,https://qiita.com/nonbiri15/items/a552dc3f6d3d692c0b11,,5
0000/12/03 19:44:09,Hiroki1928,4,https://qiita.com/Hiroki1928/items/77fdb75d1aa813c29ea6,,1
0000/12/03 23:20:08,dokagui_tairan,3,https://qiita.com/dokagui_tairan/items/b1a9664be7b497f3f340,dokagui_tairan,2
0000/12/04 00:05:13,Manao,24,https://qiita.com/Manao/items/0bdf01a3fc309a13d721,,2
0000/12/04 00:06:06,Manao,13,https://qiita.com/Manao/items/cb8c0ab05cee98e6fde3,,2
0000/12/04 00:39:21,AraNeco,5,https://qiita.com/AraNeco/items/723e3a1f95eb54e2e269,,2
0000/12/04 03:00:30,shun-kusano,3,https://qiita.com/shun-kusano/items/bccd2fb599c3b278d1d1,,2
0000/12/04 09:37:57,jamjam,2,https://qiita.com/jamjam/items/6bf0258852c3ef46c35b,,1
0000/12/04 19:33:05,sata_,2,https://qiita.com/sata_/items/3f63d554ff8bb4ade020,nfr2xTXngt86XDK,3
0000/12/04 20:56:09,ryunryunryun,16,https://qiita.com/ryunryunryun/items/cdf3dc5c7e66762d5386,ryunryunryun_,5
0000/12/05 13:35:41,fumiya_sato,62,https://qiita.com/fumiya_sato/items/ecc9f22c6f137f9dc0ac,fumiya_sato,2
0000/12/05 14:36:55,yuya_yuzen,7,https://qiita.com/yuya_yuzen/items/e9bffd47872a64f5568b,yuya_yuzen,2
0000/12/05 22:10:10,HppyCtrlEngnrng,19,https://qiita.com/HppyCtrlEngnrng/items/a78e108829593ccf1fcb,HppyCtrlEngnrng,3
0000/12/06 05:42:55,eigs,13,https://qiita.com/eigs/items/38e31027529f92233b27,michio_MWJ,3
0000/12/06 14:54:38,yamori813,5,https://qiita.com/yamori813/items/c82f309e60626a1db21d,yamori813,2
0000/12/06 16:46:26,watawatavoltage,24,https://qiita.com/watawatavoltage/items/bb3f54d996b3ec4fb66e,,2
0000/12/07 07:03:56,jaguti,24,https://qiita.com/jaguti/items/be36b6a4f0260be2d044,,4
0000/12/07 09:57:23,birdwatcher,0,https://qiita.com/birdwatcher/items/142d1acc49efc875b975,birdwatcherYT,4
0000/12/07 11:23:23,yoshida3,5,https://qiita.com/yoshida3/items/23583bf034c31d587be3,,2
0000/12/07 18:41:56,shun-kusano,14,https://qiita.com/shun-kusano/items/42c69a753153d0d45018,,2
0000/12/07 21:12:05,griffin921,26,https://qiita.com/griffin921/items/aa19944b3947655359d9,griffin921,2
0000/12/07 21:30:52,HppyCtrlEngnrng,11,https://qiita.com/HppyCtrlEngnrng/items/2d14c678a7abf50c1f38,HppyCtrlEngnrng,1
0000/12/07 22:02:53,Monzo_N,6,https://qiita.com/Monzo_N/items/2ad32a116cb8db324432,,2
0000/12/07 22:39:04,takepiyo,20,https://qiita.com/takepiyo/items/0c778f0ebda210c65ea9,NibiJim,2
0000/12/08 03:04:22,g_rej55,2,https://qiita.com/g_rej55/items/63b4791b01dee3d6df7d,e55cyr,7
0000/12/08 03:18:20,tatsuyai713,24,https://qiita.com/tatsuyai713/items/2669ebf368a2a299aee4,,3
0000/12/08 13:29:27,kaeruair,21,https://qiita.com/kaeruair/items/44838b90d8f5160f1b85,,4
0000/12/08 22:11:36,ryunryunryun,15,https://qiita.com/ryunryunryun/items/846c580a6174d23914d1,ryunryunryun_,5
0000/12/08 23:02:29,Manao,43,https://qiita.com/Manao/items/7590c20ab4fb51717923,,3
0000/12/09 02:15:38,rtl_modeler,9,https://qiita.com/rtl_modeler/items/42b702344d055da5c4a9,,1
0000/12/09 19:22:58,rysk-t,1,https://qiita.com/rysk-t/items/62c74367e9614de9c027,,7
0000/12/09 23:21:14,motorcontrolman,25,https://qiita.com/motorcontrolman/items/bd962021be8c5fdcc48b,motorcontrolman,3
0000/12/10 00:58:39,aike@github,7,https://qiita.com/aike@github/items/c8663aac6492ffa5f060,,2
0000/12/10 03:05:48,larking95,45,https://qiita.com/larking95/items/7ed862f743a3e661e6da,larking95,3
0000/12/10 08:09:39,larking95,38,https://qiita.com/larking95/items/70f88b30072e720f58d9,larking95,3
0000/12/10 10:16:51,koooooo,4,https://qiita.com/koooooo/items/499f5419400a907dbba4,,4
0000/12/10 17:51:39,bendevs,6,https://qiita.com/bendevs/items/c9507e035e0fdc0b9368,,3
0000/12/10 17:59:31,nomper,6,https://qiita.com/nomper/items/574988fe228f89c80c00,nomper,2
0000/12/10 21:15:24,MusicScience37,4,https://qiita.com/MusicScience37/items/6dd2916ac37ca3e33ec1,,4
0000/12/10 23:29:22,koteko,10,https://qiita.com/koteko/items/217582480a71df532625,,2
0000/12/11 00:55:06,aike@github,2,https://qiita.com/aike@github/items/7ccc1037f22bc91081e3,,2
0000/12/11 01:44:00,macht,23,https://qiita.com/macht/items/b8741ffcf03ebfffc59d,,2
0000/12/11 04:31:20,rtl_modeler,2,https://qiita.com/rtl_modeler/items/f2fc08725daada5fae99,,1
0000/12/11 20:52:05,stktu,8,https://qiita.com/stktu/items/da1bb4182c83d32bff30,stktu_KU,1
0000/12/11 22:49:41,motorcontrolman,12,https://qiita.com/motorcontrolman/items/b61cf0d8ec855476fcd3,motorcontrolman,1
0000/12/11 23:32:06,wataryooou,34,https://qiita.com/wataryooou/items/6de747abc7d27c8f594e,,3
0000/12/12 01:19:05,NagayamaT,2,https://qiita.com/NagayamaT/items/ec4cf5ff45dc2378f279,,2
0000/12/12 05:08:13,k_hashiko,20,https://qiita.com/k_hashiko/items/c1506fc00e1ab852755d,wsq_stew,3
0000/12/12 09:40:31,jellied_unagi,1,https://qiita.com/jellied_unagi/items/109ebfda6c54722d432c,jellied_unagi,10
0000/12/12 09:55:42,jellied_unagi,7,https://qiita.com/jellied_unagi/items/7f2f7529bafcbcd5f5d3,jellied_unagi,10
0000/12/12 10:01:34,mana_544,24,https://qiita.com/mana_544/items/b21e1e39b94409a41ac0,mana_544,2
0000/12/12 11:23:58,sshojiro,27,https://qiita.com/sshojiro/items/67ee0b91a64aeefa46fa,sshojiro_jp,8
0000/12/12 11:49:28,teruqii,14,https://qiita.com/teruqii/items/7c2883ddaa5f26d05203,,3
0000/12/12 17:57:48,larking95,15,https://qiita.com/larking95/items/50b0f70ca5a2458428f2,larking95,2
0000/12/12 22:05:14,sshojiro,27,https://qiita.com/sshojiro/items/84609c52e8d3d03cb603,sshojiro_jp,3
0000/12/13 05:58:35,eigs,60,https://qiita.com/eigs/items/5058a5b70ffbac65a5b3,michio_MWJ,1
0000/12/13 11:40:04,sato-na,19,https://qiita.com/sato-na/items/9842263599d6b8199f05,,3
0000/12/13 15:51:22,YutaNakamura_bbhomejp,20,https://qiita.com/YutaNakamura_bbhomejp/items/a2ffcc4d8a486b5fddcb,bbhomejp,1
0000/12/13 17:10:39,daaaaaaaaasuuu,11,https://qiita.com/daaaaaaaaasuuu/items/af548cb9fa005ef49cbb,daaaaaaaaasuuu,4
0000/12/13 23:28:35,hinata,5,https://qiita.com/hinata/items/c775989b4b2bf40472ce,Hinata72279726,1
0000/12/14 13:48:04,yoshida3,6,https://qiita.com/yoshida3/items/f29f1755abb31fb855e4,,3
0000/12/14 16:02:14,aoimidori,14,https://qiita.com/aoimidori/items/796db2e0ce90f64f30d1,,3
0000/12/14 22:49:29,Monzo_N,11,https://qiita.com/Monzo_N/items/8ca510022648fd72adb5,,2
0000/12/15 00:11:00,tose2125,20,https://qiita.com/tose2125/items/03d9ce40b1b6bde7d36d,tose2125,2
0000/12/15 13:02:15,NagayamaT,1,https://qiita.com/NagayamaT/items/b28332ef71dadbb6487f,,2
0000/12/15 19:27:29,Monzo_N,10,https://qiita.com/Monzo_N/items/ddcb5d80bed3a3ceb66c,,1
0000/12/15 20:24:07,SacredTubes,3,https://qiita.com/SacredTubes/items/18a7850d0ed5fe5c1337,,1
0000/12/15 21:01:15,hibs_MATLAB_Amb,2,https://qiita.com/hibs_MATLAB_Amb/items/bb5d33284bd1df01a3a7,hibs_MATLAB_Amb,1
0000/12/15 23:02:48,9W3R7Y,11,https://qiita.com/9W3R7Y/items/3a45ac71f8baf199f45d,,2
0000/12/16 02:44:27,taka_horibe,108,https://qiita.com/taka_horibe/items/8838b08f88f1a55fb9a7,,3
0000/12/16 08:07:51,9W3R7Y,13,https://qiita.com/9W3R7Y/items/5b360aa05517c72cd964,,2
0000/12/16 12:01:42,eigs,6,https://qiita.com/eigs/items/70bfa7a0579c80fffc22,michio_MWJ,1
0000/12/16 13:17:22,eigs,27,https://qiita.com/eigs/items/513a17bd8cb2c5c5f435,michio_MWJ,2
0000/12/16 16:03:55,sshojiro,1,https://qiita.com/sshojiro/items/e38cfaabbd830311f114,sshojiro_jp,8
0000/12/17 01:36:44,tatsuyai713,21,https://qiita.com/tatsuyai713/items/4f639a360bdeadcc32c3,,3
0000/12/17 04:44:51,lxacas,7,https://qiita.com/lxacas/items/8ddab6ad382dc1d72e5c,lxacas,3
0000/12/17 06:50:17,9W3R7Y,5,https://qiita.com/9W3R7Y/items/e94c30d8bbddce5a3267,,2
0000/12/17 11:37:06,kkado,4,https://qiita.com/kkado/items/3a24636d5ea499639cfc,,3
0000/12/17 15:39:02,io_alt,32,https://qiita.com/io_alt/items/a1776eb1c8a44a76bbfa,,4
0000/12/17 16:31:06,konakalab,14,https://qiita.com/konakalab/items/ed2872c45bc5952f35b8,konakalab,2
0000/12/17 21:27:24,YutaNakamura_bbhomejp,7,https://qiita.com/YutaNakamura_bbhomejp/items/4d923e06a6d9695c2489,bbhomejp,2
0000/12/17 21:49:45,kobayashifitness,10,https://qiita.com/kobayashifitness/items/c02ab0ca86bb42d725b4,,6
0000/12/18 00:36:36,2754github,821,https://qiita.com/2754github/items/26a18fe01c8ad221f0ba,,3
0000/12/18 06:21:47,eigs,15,https://qiita.com/eigs/items/34427289f85b9224094d,michio_MWJ,2
0000/12/18 14:05:44,eigs,15,https://qiita.com/eigs/items/cb607d647bc20c7db809,michio_MWJ,3
0000/12/18 21:15:46,Monzo_N,7,https://qiita.com/Monzo_N/items/f4823999df15620d2453,,1
0000/12/18 22:35:45,ShataKurashi,3,https://qiita.com/ShataKurashi/items/0dfe4eb2bd14444823bf,,3
0000/12/18 23:43:37,shun-kusano,23,https://qiita.com/shun-kusano/items/7409129f8a87f23b1cfa,,1
0000/12/19 00:07:05,watawatavoltage,22,https://qiita.com/watawatavoltage/items/a70077657292f1e2acce,,3
0000/12/19 00:33:30,fumiya_sato,10,https://qiita.com/fumiya_sato/items/55a8163bca31f7061066,fumiya_sato,1
0000/12/19 12:38:20,griffin921,13,https://qiita.com/griffin921/items/2e4446fa2b6c332abce8,griffin921,2
0000/12/19 18:41:42,Inoue_Minoru,15,https://qiita.com/Inoue_Minoru/items/d6b8e630f64ef5cc7aec,henjin01_Fab,3
0000/12/19 21:13:57,larking95,40,https://qiita.com/larking95/items/1dd38ccaa35e71557225,larking95,2
0000/12/20 13:57:13,Monzo_N,7,https://qiita.com/Monzo_N/items/cd65f1bd2cf5374c1206,,3
0000/12/20 20:11:40,atorii,2,https://qiita.com/atorii/items/7cc0d76e97971e23264b,,4
0000/12/21 03:14:39,9W3R7Y,7,https://qiita.com/9W3R7Y/items/0e48ad62ab3282505e19,,2
0000/12/21 03:20:25,Manao,18,https://qiita.com/Manao/items/b97ac54fad986556ee5b,,3
0000/12/21 12:55:21,shun-kusano,20,https://qiita.com/shun-kusano/items/eb545112caedff8d2b64,,2
0000/12/21 20:44:22,fumiya_sato,88,https://qiita.com/fumiya_sato/items/df28dff5ccc653183235,fumiya_sato,5
0000/12/21 22:23:35,NagayamaT,3,https://qiita.com/NagayamaT/items/54325be5c063f9b38d56,,2
0000/12/21 22:58:56,kaizen_nagoya,2,https://qiita.com/kaizen_nagoya/items/bf261bfccbc43228f525,kaizen_nagoya,1
0000/12/21 23:51:40,takeajioka,2,https://qiita.com/takeajioka/items/96effe312ac80f808d9e,,3
0000/12/22 00:22:29,tatsuyai713,16,https://qiita.com/tatsuyai713/items/bb4f13e0c8d3ad49e607,,3
0000/12/22 01:43:36,watawatavoltage,126,https://qiita.com/watawatavoltage/items/4f1a468976649623dd9d,,3
0000/12/22 02:08:12,takeajioka,1,https://qiita.com/takeajioka/items/96fb3b1d05a539407d83,,3
0000/12/22 03:35:04,larking95,12,https://qiita.com/larking95/items/405316460dc51cbd7071,larking95,1
0000/12/22 14:22:11,rysk-t,1,https://qiita.com/rysk-t/items/72133bdb9ac8d5bc6281,,5
0000/12/22 18:16:58,fumiya_sato,16,https://qiita.com/fumiya_sato/items/1c0338bc7270d3929649,fumiya_sato,3
0000/12/22 18:36:56,tsubolabo,5,https://qiita.com/tsubolabo/items/6aeee504c5851277fe1f,,2
0000/12/22 20:11:58,fumiya_sato,21,https://qiita.com/fumiya_sato/items/9167f12bf182fa585968,fumiya_sato,4
0000/12/23 18:12:38,sshojiro,1,https://qiita.com/sshojiro/items/f540f2350ef22231a2ec,sshojiro_jp,7
0000/12/23 18:29:23,NagayamaT,1,https://qiita.com/NagayamaT/items/9dd812794875e86afe46,,2
0000/12/23 18:31:17,Fuminori_Souma,1,https://qiita.com/Fuminori_Souma/items/0764db51b27b63c16554,,4
0000/12/23 20:47:42,tko_ji,9,https://qiita.com/tko_ji/items/d7d9e034917edd13588f,,4
0000/12/23 21:38:44,HppyCtrlEngnrng,15,https://qiita.com/HppyCtrlEngnrng/items/563a43cd293a923357d6,HppyCtrlEngnrng,3
0000/12/23 22:29:40,takarakasai,9,https://qiita.com/takarakasai/items/d777a697e006cc40f1ef,takarakasai,5
0000/12/23 23:44:47,mizukirc,37,https://qiita.com/mizukirc/items/12fc1a736f0f1b5d8efe,,3
0000/12/24 00:10:38,motorcontrolman,21,https://qiita.com/motorcontrolman/items/958ad922583b414dca96,motorcontrolman,2
0000/12/24 03:06:33,backslash,19,https://qiita.com/backslash/items/4bfc9fde55277f518f6b,,2
0000/12/24 04:02:52,backslash,11,https://qiita.com/backslash/items/356c4d59c196f7f4e4cc,,1
0000/12/24 15:36:37,eigs,18,https://qiita.com/eigs/items/ff8e77d1e5d8844b4236,michio_MWJ,3
0000/12/24 15:38:16,ruteshi_SI_shiteru,8,https://qiita.com/ruteshi_SI_shiteru/items/391f21053bbffefc3bd2,hrimfaxi_tpw,7
0000/12/24 15:46:41,teruqii,11,https://qiita.com/teruqii/items/dc9c1809a3917dcdc8da,,3
0000/12/25 01:12:12,mmorino,3,https://qiita.com/mmorino/items/ff9da5086f1b6238bfff,,7
0000/12/25 14:40:30,zjliu,1,https://qiita.com/zjliu/items/b082829e629acf924df6,,7
0000/12/25 15:16:07,sshojiro,44,https://qiita.com/sshojiro/items/2f2720ba7697e8758855,sshojiro_jp,6
0000/12/25 17:00:47,HppyCtrlEngnrng,9,https://qiita.com/HppyCtrlEngnrng/items/c043dd072c15d5fe2de0,HppyCtrlEngnrng,1
0000/12/25 17:32:49,eigs,11,https://qiita.com/eigs/items/b6edb95a5193abed5c8a,michio_MWJ,1
0000/12/25 21:22:18,motorcontrolman,13,https://qiita.com/motorcontrolman/items/36686b0edc5dc38774e1,motorcontrolman,1
0000/12/25 22:06:50,Monzo_N,16,https://qiita.com/Monzo_N/items/c68f52e88fd532671a19,,3
0000/12/26 12:39:21,jirojiro,14,https://qiita.com/jirojiro/items/67ffc62a7c5786f52ccb,jiro_mobile,2
0000/12/26 12:55:55,atorii,6,https://qiita.com/atorii/items/85a5510f2abaf8e7437f,,4
0000/12/26 16:36:08,ttoori-ttoori,1,https://qiita.com/ttoori-ttoori/items/f7e99ed84afd31f4c3f2,,4
0000/12/26 16:41:50,jellied_unagi,0,https://qiita.com/jellied_unagi/items/b915ef1182ac4f540375,jellied_unagi,10
0000/12/26 18:32:39,sotatakahashi,3,https://qiita.com/sotatakahashi/items/fa8cbc5b3ea027ee754a,,2
0000/12/28 00:42:25,C2_now,2,https://qiita.com/C2_now/items/96ee43bb5d3ba9ec8c7b,C2_now,1
0000/12/28 03:33:14,C2_now,5,https://qiita.com/C2_now/items/6dbaa5c2c113942dab29,C2_now,2
0000/12/29 01:55:04,takeajioka,5,https://qiita.com/takeajioka/items/2d25ea7b64c59de3c2e6,,3
0000/12/29 05:59:36,stozaki,5,https://qiita.com/stozaki/items/55d941a2017f3267309f,,3
0000/12/29 06:19:58,stozaki,8,https://qiita.com/stozaki/items/b5ca82525d363619b52b,,3
0000/12/29 08:28:00,Fuminori_Souma,4,https://qiita.com/Fuminori_Souma/items/75a9c8fda6637971aa07,,3
0000/12/29 14:10:17,stozaki,8,https://qiita.com/stozaki/items/c4e56c35eacd0f8a80a1,,3
0000/12/29 14:41:16,tommyecguitar,7,https://qiita.com/tommyecguitar/items/a7655d8e6309f14aa4c8,,2
0000/12/30 01:49:50,watawatavoltage,8,https://qiita.com/watawatavoltage/items/9be7531d86a1ea9fb0a3,,3
0000/12/30 16:25:57,eigs,7,https://qiita.com/eigs/items/940c61f07134bb62dd3b,michio_MWJ,3
0000/12/30 16:26:14,kossyprg,1,https://qiita.com/kossyprg/items/02c634039856262df722,,1
0000/12/30 18:26:37,larking95,21,https://qiita.com/larking95/items/381ec7cdfba4a51ee117,larking95,3
0000/12/30 19:39:38,kaizen_nagoya,6,https://qiita.com/kaizen_nagoya/items/5e50b3c9c0004fe92bd9,kaizen_nagoya,2
0000/12/31 21:38:18,hakuturu583,12,https://qiita.com/hakuturu583/items/a138755ca45e0623ef9c,hakuturu583,5
